Date,rBH,rM_ex,rSmB,rHmL,rf
1980-04-30,0.05769230769230771,0.0397,0.0105,0.0106,0.0126
1980-05-30,0.16363636363636358,0.0526,0.0213,0.0038,0.008100000000000001
1980-06-30,-0.046875,0.030600000000000002,0.0166,-0.0076,0.0060999999999999995
1980-07-31,0.11475409836065564,0.0649,0.0414,-0.0641,0.0053
1980-08-29,0.11764705882352944,0.018000000000000002,0.0392,-0.026000000000000002,0.0064
1980-09-30,0.013157894736842035,0.0219,0.0098,-0.045899999999999996,0.0075
1980-10-31,0.09090909090909083,0.0106,0.024700000000000003,-0.0276,0.0095
1980-11-28,0.023809523809523725,0.0959,-0.0336,-0.0833,0.0096
1980-12-31,-0.011627906976744207,-0.0452,-0.0026,0.0279,0.0131
1981-01-30,0.0117647058823529,-0.0504,0.0292,0.0672,0.0104
1981-02-27,0.12790697674418605,0.005699999999999999,-0.0034000000000000002,0.0102,0.010700000000000001
1981-03-31,-0.010309278350515427,0.0356,0.0354,0.0064,0.0121
1981-04-30,0.07291666666666674,-0.021099999999999997,0.044000000000000004,0.022799999999999997,0.0108
1981-05-29,0.009708737864077666,0.0011,0.02,-0.0042,0.0115
1981-06-30,-0.019230769230769273,-0.0236,-0.0083,0.0513,0.013500000000000002
1981-07-31,-0.0490196078431373,-0.0154,-0.0219,-0.005,0.0124
1981-08-31,0.030927835051546282,-0.0704,-0.0195,0.047599999999999996,0.0128
1981-09-30,-0.07999999999999996,-0.0717,-0.0265,0.051699999999999996,0.0124
1981-10-30,0.09782608695652173,0.0492,0.0223,-0.0421,0.0121
1981-11-30,0.13861386138613851,0.0336,-0.0103,0.0183,0.010700000000000001
1981-12-31,-0.02608695652173909,-0.0365,0.012,0.008100000000000001,0.0087
1982-01-29,-0.0892857142857143,-0.032400000000000005,-0.0128,0.0319,0.008
1982-02-26,0.009803921568627416,-0.058600000000000006,0.0044,0.0605,0.0092
1982-03-31,-0.06796116504854366,-0.0187,-0.0021,0.0381,0.0098
1982-04-30,0.0625,0.0327,0.0147,-0.027000000000000003,0.0113
1982-05-28,-0.009803921568627416,-0.039900000000000005,0.0052,0.0175,0.0106
1982-06-30,-0.01980198019801982,-0.030899999999999997,-0.004,0.015300000000000001,0.0096
1982-07-30,-0.04040404040404044,-0.0319,0.0083,9e-4,0.0105
1982-08-31,0.021052631578947434,0.1114,-0.0414,0.0095,0.0076
1982-09-30,0.134020618556701,0.0129,0.029500000000000002,0.0028000000000000004,0.0051
1982-10-29,0.10909090909090913,0.113,0.023399999999999997,-0.0366,0.0059
1982-11-30,0.13114754098360648,0.0467,0.0467,-0.0187,0.0063
1982-12-31,0.12318840579710155,0.0055000000000000005,-0.0022,-2e-4,0.0067
1983-01-31,-0.012903225806451646,0.036000000000000004,0.0273,-0.0075,0.0069
1983-02-28,0.08496732026143783,0.0259,0.0327,0.006999999999999999,0.0062
1983-03-31,0.16265060240963858,0.0282,0.0173,0.0202,0.0063
1983-04-29,0.010362694300518172,0.0667,0.005,0.0049,0.0070999999999999995
1983-05-31,0.01025641025641022,0.0052,0.062400000000000004,-0.013999999999999999,0.0069
1983-06-30,-0.07614213197969544,0.030699999999999998,0.0095,-0.039,0.0067
1983-07-29,0.04395604395604402,-0.0407,0.015,0.0562,0.0074
1983-08-31,0.0736842105263158,-0.005,-0.042800000000000005,0.0554,0.0076
1983-09-30,0.21568627450980382,0.0091,0.0060999999999999995,0.0101,0.0076
1983-10-31,0.056451612903225756,-0.0344,-0.035699999999999996,0.049699999999999994,0.0076
1983-11-30,0.03053435114503822,0.0216,0.020099999999999996,-0.0072,0.006999999999999999
1983-12-30,-0.029629629629629672,-0.0178,-0.0027,0.0173,0.0073
1984-01-31,0.011450381679389388,-0.0192,-0.0038,0.0758,0.0076
1984-02-29,-0.03396226415094339,-0.0482,-0.0169,0.0333,0.0070999999999999995
1984-03-30,-0.03125,0.0063,7.000000000000001e-4,0.0046,0.0073
1984-04-30,0.008064516129032251,-0.0051,-0.0116,0.012,0.008100000000000001
1984-05-31,0.03200000000000003,-0.059699999999999996,6e-4,0.0031,0.0078000000000000005
1984-06-29,-0.023255813953488413,0.0182,-0.003,-0.026600000000000002,0.0075
1984-07-31,-0.015873015873015928,-0.0274,-0.022099999999999998,0.0036,0.008199999999999999
1984-08-31,0.040322580645161255,0.10279999999999999,-0.0024,-0.0182,0.0083
1984-09-28,0.011627906976744207,-0.008,0.0017000000000000001,0.0528,0.0086
1984-10-31,-0.003831417624521105,-0.0084,-0.0123,0.0045000000000000005,0.01
1984-11-30,-0.01538461538461533,-0.0176,-0.006500000000000001,0.0406,0.0073
1984-12-31,-0.00390625,0.0184,-0.005600000000000001,-0.0026,0.0064
1985-01-31,0.09411764705882364,0.0799,0.0331,-0.0535,0.006500000000000001
1985-02-28,0.06810035842293916,0.012199999999999999,0.0079,-0.001,0.0058
1985-03-29,0.21812080536912748,-0.0084,-0.0108,0.0407,0.0062
1985-04-30,0.019283746556473913,-0.0096,0.0014000000000000002,0.037200000000000004,0.0072
1985-05-31,0.00540540540540535,0.0509,-0.0222,-0.0096,0.0066
1985-06-28,0.15591397849462374,0.0127,0.0052,0.0038,0.0055000000000000005
1985-07-31,-0.018604651162790753,-0.0074,0.028399999999999998,-0.016200000000000003,0.0062
1985-08-30,-0.033175355450236976,-0.0102,-0.003,0.0232,0.0055000000000000005
1985-09-30,0.03921568627450989,-0.0454,-0.0159,0.0129,0.006
1985-10-31,0.23584905660377364,0.04019999999999999,-0.0151,0.0075,0.006500000000000001
1985-11-29,0.001908396946564972,0.06480000000000001,0.0025,-0.0285,0.0060999999999999995
1985-12-31,-0.059047619047619015,0.0388,-0.0051,-0.0154,0.006500000000000001
1986-01-31,-0.08704453441295545,0.006500000000000001,0.0121,0.0044,0.005600000000000001
1986-02-28,0.22394678492239461,0.0713,-0.0054,-0.0072,0.0053
1986-03-31,0.13043478260869557,0.048799999999999996,-0.0059,-0.0039000000000000003,0.006
1986-04-30,-0.06730769230769229,-0.0131,0.0278,-0.0287,0.0052
1986-05-30,-0.01718213058419249,0.0462,-0.013500000000000002,-0.0021,0.0049
1986-06-30,0.04020979020979021,0.0103,-0.0096,0.0128,0.0052
1986-07-31,-0.050420168067226934,-0.0645,-0.0336,0.047,0.0052
1986-08-29,0.026548672566371723,0.060700000000000004,-0.0417,0.0351,0.0046
1986-09-30,-0.09482758620689657,-0.086,0.0236,0.0322,0.0045000000000000005
1986-10-31,0.09523809523809534,0.0466,-0.025,-0.014199999999999999,0.0046
1986-11-28,-0.04695652173913045,0.011699999999999999,-0.0191,-7.000000000000001e-4,0.0039000000000000003
1986-12-31,0.029197080291970767,-0.0327,0.0013,0.0036,0.0049
1987-01-30,0.09929078014184389,0.1247,-0.0181,-0.0316,0.0042
1987-02-27,0.08387096774193559,0.043899999999999995,0.0349,-0.0591,0.0043
1987-03-31,0.04761904761904767,0.016399999999999998,0.0045000000000000005,0.0161,0.004699999999999999
1987-04-30,-0.03977272727272729,-0.021099999999999997,-0.0169,-0.0039000000000000003,0.0044
1987-05-29,0.008875739644970349,0.0011,-0.005,0.0023,0.0038
1987-06-30,0.02639296187683282,0.0394,-0.0212,0.0104,0.0048
1987-07-31,0.13142857142857145,0.0385,-0.0069,0.0068000000000000005,0.0046
1987-08-31,0.007575757575757569,0.0352,-0.0077,-0.009300000000000001,0.004699999999999999
1987-09-30,0.057644110275689275,-0.0259,0.0054,0.0027,0.0045000000000000005
1987-10-30,-0.2120853080568721,-0.2324,-0.0843,0.0424,0.006
1987-11-30,-0.1278195488721805,-0.07769999999999999,0.027200000000000002,0.029500000000000002,0.0034999999999999996
1987-12-31,0.01724137931034475,0.0681,0.0013,-0.0443,0.0039000000000000003
1988-01-29,0.027118644067796627,0.0421,-0.0072,0.0501,0.0029
1988-02-29,0.03960396039603964,0.0475,0.0334,-0.0171,0.0046
1988-03-31,0.08730158730158721,-0.0227,0.061500000000000006,0.0073,0.0044
1988-04-29,0.10218978102189791,0.005600000000000001,0.01,0.0167,0.0046
1988-05-31,0.039735099337748325,-0.0029,-0.026000000000000002,0.0242,0.0051
1988-06-30,0.0573248407643312,0.0479,0.021099999999999997,-0.0124,0.0049
1988-07-29,0.054216867469879526,-0.0125,-0.0025,0.0222,0.0051
1988-08-31,-0.017142857142857126,-0.0331,4e-4,0.0215,0.0059
1988-09-30,0.11627906976744184,0.033,-0.0131,-0.0075,0.0062
1988-10-31,-0.015625,0.0115,-0.029300000000000003,0.020499999999999997,0.0060999999999999995
1988-11-30,-0.005291005291005346,-0.0229,-0.0172,0.0141,0.005699999999999999
1988-12-30,0,0.0149,0.0195,-0.0169,0.0063
1989-01-31,0.0478723404255319,0.061,-0.0223,0.006,0.0055000000000000005
1989-02-28,-0.040609137055837574,-0.0225,0.0282,0.0101,0.0060999999999999995
1989-03-31,0.04761904761904767,0.015700000000000002,0.0067,0.0058,0.0067
1989-04-28,0.26767676767676774,0.0433,-0.0068000000000000005,-0.014199999999999999,0.0067
1989-05-31,0.0239043824701195,0.0335,-5e-4,-0.0088,0.0079
1989-06-30,0.023346303501945442,-0.013500000000000002,-0.0102,0.0225,0.0070999999999999995
1989-07-31,0.14068441064638781,0.07200000000000001,-0.0414,-0.0279,0.006999999999999999
1989-08-31,0.06333333333333324,0.0144,0.005600000000000001,0.006,0.0074
1989-09-29,0.08150470219435735,-0.0076,0.0032,-0.0127,0.006500000000000001
1989-10-31,-0.013333333333333308,-0.036699999999999997,-0.0323,-0.0111,0.0068000000000000005
1989-11-30,-0.03055229142185667,0.0103,-0.0124,-0.0109,0.0069
1989-12-29,0.051515151515151514,0.0116,-0.0236,0.0016,0.0060999999999999995
1990-01-31,-0.14063400576368879,-0.0785,-0.0124,0.0085,0.005699999999999999
1990-02-28,-0.030851777330650587,0.0111,0.009899999999999999,0.0064,0.005699999999999999
1990-03-30,-0.0692041522491349,0.0183,0.015,-0.0292,0.0064
1990-04-30,-0.0037174721189591198,-0.0336,-0.0046,-0.0259,0.0069
1990-05-31,0.0671641791044777,0.0842,-0.0253,-0.0383,0.0068000000000000005
1990-06-29,0.006993006993007089,-0.0109,0.013999999999999999,-0.019299999999999998,0.0063
1990-07-31,-0.02777777777777779,-0.019,-0.031200000000000002,-3e-4,0.0068000000000000005
1990-08-31,-0.08571428571428574,-0.1015,-0.035699999999999996,0.016399999999999998,0.0066
1990-09-28,-0.08203125,-0.061200000000000004,-0.0365,0.0064,0.006
1990-10-31,0.012765957446808418,-0.0192,-0.0557,0.001,0.0068000000000000005
1990-11-30,0.06638655462184873,0.0635,0.0043,-0.031,0.005699999999999999
1990-12-31,0.05200945626477549,0.0246,0.008100000000000001,-0.017,0.006
1991-01-31,0.10861423220973787,0.046900000000000004,0.0381,-0.016,0.0052
1991-02-28,0.09121621621621623,0.0719,0.0395,-0.0058,0.0048
1991-03-28,-0.006191950464396245,0.0265,0.0393,-0.0139,0.0044
1991-04-30,0.012461059190031154,-0.0028000000000000004,0.0048,0.015,0.0053
1991-05-31,0.07692307692307687,0.0365,-0.004,-0.0052,0.004699999999999999
1991-06-28,-0.040000000000000036,-0.049400000000000006,0.0013,0.0115,0.0042
1991-07-31,0.014880952380952328,0.0424,-0.0092,-0.0132,0.0049
1991-08-30,0.029325513196480912,0.0232,0.0158,-0.0078000000000000005,0.0046
1991-09-30,0.01139601139601143,-0.0159,0.016399999999999998,-0.0108,0.0046
1991-10-31,-0.034366197183098635,0.0129,0.008100000000000001,-0.004699999999999999,0.0042
1991-11-29,-0.025670945157526215,-0.04190000000000001,-0.005,-0.0189,0.0039000000000000003
1991-12-31,0.08383233532934131,0.1084,-0.022400000000000003,-0.0417,0.0038
1992-01-31,-0.02209944751381221,-0.0059,0.08460000000000001,0.0471,0.0034000000000000002
1992-02-28,-0.01412429378531077,0.0109,0.0087,0.0647,0.0028000000000000004
1992-03-31,0.025787965616045794,-0.026600000000000002,-0.0104,0.0356,0.0034000000000000002
1992-04-30,0.019553072625698276,0.010700000000000001,-0.060599999999999994,0.0434,0.0032
1992-05-29,-0.002739726027397249,0.003,0.0040999999999999995,0.011899999999999999,0.0028000000000000004
1992-06-30,0.013736263736263687,-0.023399999999999997,-0.030699999999999998,0.032400000000000005,0.0032
1992-07-31,0.03252032520325199,0.0377,-0.004699999999999999,-0.005600000000000001,0.0031
1992-08-31,-0.04199475065616798,-0.023799999999999998,-0.0013,-0.011000000000000001,0.0026
1992-09-30,0.03013698630136985,0.011899999999999999,0.0054,-0.0026,0.0026
1992-10-30,0.007978723404255428,0.0102,0.0209,-0.019799999999999998,0.0023
1992-11-30,0.13192612137203175,0.041299999999999996,0.037599999999999995,-0.013500000000000002,0.0023
1992-12-31,0.09557109557109555,0.015300000000000001,0.0169,0.0262,0.0028000000000000004
1993-01-29,0.029787234042553123,0.009300000000000001,0.0189,0.0594,0.0023
1993-02-26,0.030991735537190035,0.0012,-0.0348,0.0642,0.0022
1993-03-31,0.022044088176352616,0.023,0.0024,0.0118,0.0025
1993-04-30,-0.007843137254901933,-0.0305,-0.0067,0.024900000000000002,0.0024
1993-05-28,0.18577075098814233,0.028900000000000002,0.0204,-0.0342,0.0022
1993-06-30,0.026666666666666616,0.0031,-0.0029,0.0275,0.0025
1993-07-30,0.03896103896103886,-0.0034000000000000002,0.0096,0.0285,0.0024
1993-08-31,0.09531249999999991,0.0371,0.0013,0.0013,0.0025
1993-09-30,-0.04850213980028528,-0.0012,0.0304,-0.0031,0.0026
1993-10-29,0.034482758620689724,0.0141,0.0203,-0.0276,0.0022
1993-11-30,0,-0.0189,-0.0125,-0.0074,0.0025
1993-12-31,-0.05362318840579705,0.0165,0.0123,0.0032,0.0023
1994-01-31,-0.007656967840735107,0.0287,0.0034000000000000002,0.0115,0.0025
1994-02-28,-0.04629629629629628,-0.0255,0.027999999999999997,-0.0154,0.0021
1994-03-31,0.0307443365695792,-0.0478,-0.0108,0.016,0.0027
1994-04-29,0.01098901098901095,0.0068000000000000005,-0.009300000000000001,0.0166,0.0027
1994-05-31,0,0.0058,-0.0215,0.0067,0.0031
1994-06-30,0,-0.030299999999999997,-0.0040999999999999995,0.0167,0.0031
1994-07-29,0.21739130434782616,0.0282,-0.0181,0.0058,0.0028000000000000004
1994-08-31,-0.025510204081632626,0.0401,0.014499999999999999,-0.025099999999999997,0.0037
1994-09-30,-0.007853403141361293,-0.0231,0.031400000000000004,-0.0189,0.0037
1994-10-31,0.06860158311345654,0.0134,-0.022400000000000003,-0.016200000000000003,0.0038
1994-11-30,0.013580246913580174,-0.0404,0.0025,-0.006999999999999999,0.0037
1994-12-30,-0.006090133982947665,0.0086,0.0022,-0.0013,0.0044
1995-01-31,0.2058823529411764,0.018000000000000002,-0.035,0.025699999999999997,0.0042
1995-02-28,-0.09451219512195119,0.0363,-0.0066,0.0108,0.004
1995-03-31,0.01683501683501687,0.0219,-0.0016,-0.0215,0.0046
1995-04-28,-0.04635761589403975,0.021099999999999997,-0.0049,0.0171,0.0044
1995-05-31,0.05092592592592582,0.028999999999999998,-0.0255,0.0229,0.0054
1995-06-30,0.033039647577092435,0.027200000000000002,0.0318,-0.0254,0.004699999999999999
1995-07-31,0.05543710021321968,0.037200000000000004,0.0207,-0.016200000000000003,0.0045000000000000005
1995-08-31,0.030303030303030276,0.0055000000000000005,0.013500000000000002,0.0279,0.004699999999999999
1995-09-29,0.15294117647058814,0.0335,-0.022000000000000002,-4e-4,0.0043
1995-10-31,0.00340136054421758,-0.0152,-0.0378,-0.005,0.004699999999999999
1995-11-30,0.0610169491525423,0.039599999999999996,-0.0109,0.0051,0.0042
1995-12-29,0.025559105431310014,0.0103,0.006999999999999999,0.0022,0.0049
1996-01-31,-0.006230529595015577,0.0226,-0.0273,0.0038,0.0043
1996-02-29,0.11285266457680243,0.013300000000000001,0.0179,-0.0108,0.0039000000000000003
1996-03-29,-0.04647887323943667,0.0073,0.0149,0.0034999999999999996,0.0039000000000000003
1996-04-30,-0.010339734121122546,0.0206,0.052300000000000006,-0.04019999999999999,0.0046
1996-05-31,-0.08955223880597019,0.0236,0.0317,-0.0083,0.0042
1996-06-28,0.006557377049180246,-0.011399999999999999,-0.0401,0.0235,0.004
1996-07-31,0.006514657980456029,-0.059699999999999996,-0.0431,0.051399999999999994,0.0045000000000000005
1996-08-30,0.012944983818770295,0.0277,0.024399999999999998,-0.0074,0.0040999999999999995
1996-09-30,0.02715654952076685,0.0501,-0.0098,-0.027200000000000002,0.0044
1996-10-31,0.007776049766718529,0.0086,-0.0444,0.049400000000000006,0.0042
1996-11-29,0.024691358024691468,0.0625,-0.04019999999999999,0.0139,0.0040999999999999995
1996-12-31,0.027108433734939652,-0.017,0.0316,0.0131,0.0046
1997-01-31,0.02052785923753664,0.0499,-0.0195,-0.014199999999999999,0.0045000000000000005
1997-02-28,0.02011494252873569,-0.0049,-0.0322,0.0567,0.0039000000000000003
1997-03-31,0.019718309859154903,-0.050300000000000004,-0.0036,0.0339,0.0043
1997-04-30,0.04972375690607733,0.0404,-0.057699999999999994,7.000000000000001e-4,0.0043
1997-05-30,0.13157894736842102,0.0674,0.0519,-0.041299999999999996,0.0049
1997-06-30,0.0976744186046512,0.040999999999999995,0.012199999999999999,0.0158,0.0037
1997-07-31,0,0.0733,-0.0274,0.0026,0.0043
1997-08-29,-0.12076271186440679,-0.0415,0.0728,0.0118,0.0040999999999999995
1997-09-30,0.07951807228915664,0.0535,0.0253,0.0037,0.0044
1997-10-31,-0.024553571428571397,-0.038,-0.0073,0.0227,0.0042
1997-11-28,0.03661327231121292,0.0298,-0.0512,0.012,0.0039000000000000003
1997-12-31,0.015452538631346657,0.0132,-0.0248,0.0384,0.0048
1998-01-30,0.09347826086956523,0.0015,-0.010700000000000001,-0.0163,0.0043
1998-02-27,0.1093439363817097,0.0704,0.0032,-0.0085,0.0039000000000000003
1998-03-31,0.20430107526881724,0.047599999999999996,-0.011399999999999999,0.0139,0.0039000000000000003
1998-04-30,0.02083333333333326,0.0073,7.000000000000001e-4,0.009399999999999999,0.0043
1998-05-29,0.030612244897959107,-0.030699999999999998,-0.0338,0.0344,0.004
1998-06-30,0.10756718528995757,0.0318,-0.0321,-0.0196,0.0040999999999999995
1998-07-31,-0.10471872805057147,-0.0246,-0.049100000000000005,-0.0178,0.004
1998-08-31,-0.13700877255545252,-0.16079999999999997,-0.056900000000000006,0.0353,0.0043
1998-09-30,-0.014876033057851235,0.061500000000000006,9e-4,-0.0342,0.0046
1998-10-30,0.08221476510067105,0.0713,-0.031200000000000002,-0.0223,0.0032
1998-11-30,0.05271317829457356,0.061,0.0123,-0.0325,0.0031
1998-12-31,0.030927835051546282,0.0616,-0.005,-0.04190000000000001,0.0038
1999-01-29,-0.0714285714285714,0.035,0.0075,-0.046,0.0034999999999999996
1999-02-26,0.09384615384615391,-0.0408,-0.0608,0.0192,0.0034999999999999996
1999-03-31,0.00421940928270037,0.0345,-0.038,-0.0274,0.0043
1999-04-30,0.07002801120448177,0.0433,0.0391,0.0246,0.0037
1999-05-28,-0.05759162303664922,-0.0246,0.0334,0.0235,0.0034000000000000002
1999-06-30,-0.043055555555555514,0.04769999999999999,0.031,-0.0319,0.004
1999-07-30,-0.015892597968069633,-0.0349,0.026000000000000002,-0.0044,0.0038
1999-08-31,-0.05316717056264286,-0.0138,-0.009399999999999999,-0.0187,0.0039000000000000003
1999-09-30,-0.14330218068535827,-0.0279,0.0341,-0.0349,0.0039000000000000003
1999-10-29,0.16181818181818186,0.061200000000000004,-0.0664,-0.0337,0.0039000000000000003
1999-11-30,-0.10328638497652587,0.0337,0.0721,-0.061200000000000004,0.0036
1999-12-31,-0.020942408376963373,0.07719999999999999,0.0703,-0.0833,0.0044
2000-01-31,-0.08734402852049916,-0.047400000000000005,0.057699999999999994,-0.018799999999999997,0.0040999999999999995
2000-02-29,-0.140625,0.0245,0.21359999999999998,-0.0959,0.0043
2000-03-31,0.30000000000000004,0.052000000000000005,-0.172,0.08130000000000001,0.004699999999999999
2000-04-28,0.036713286713286664,-0.064,-0.0668,0.0726,0.0046
2000-05-31,-0.01180438448566612,-0.044199999999999996,-0.0605,0.0475,0.005
2000-06-30,-0.08191126279863481,0.0464,0.1284,-0.0842,0.004
2000-07-31,0.024163568773234223,-0.025099999999999997,-0.030699999999999998,0.08310000000000001,0.0048
2000-08-31,0.047186932849364815,0.0703,-0.0060999999999999995,-0.0139,0.005
2000-09-29,0.11611785095320615,-0.0545,-0.0182,0.0717,0.0051
2000-10-31,-0.010869565217391353,-0.0276,-0.0388,0.0571,0.005600000000000001
2000-11-30,0.03453689167974883,-0.1072,-0.0341,0.12300000000000001,0.0051
2000-12-29,0.07738998482549309,0.011899999999999999,0.0073,0.0761,0.005
2001-01-31,-0.036619718309859106,0.0313,0.0668,-0.0507,0.0054
2001-02-28,0.02777777777777768,-0.1005,-0.0078000000000000005,0.1247,0.0038
2001-03-30,-0.06899004267425324,-0.0726,0.0025,0.0642,0.0042
2001-04-30,0.03896103896103886,0.0794,0.0055000000000000005,-0.0467,0.0039000000000000003
2001-05-31,0.010294117647058787,0.0072,0.025,0.0336,0.0032
2001-06-29,0.010189228529839944,-0.0194,0.062400000000000004,-0.011200000000000002,0.0028000000000000004
2001-07-31,-0.0028818443804035088,-0.0213,-0.04190000000000001,0.0521,0.003
2001-08-31,0.0028901734104045396,-0.0646,0.0248,0.0231,0.0031
2001-09-28,0.008645533141210304,-0.0925,-0.0623,0.014499999999999999,0.0028000000000000004
2001-10-31,0.017142857142857126,0.0246,0.0748,-0.0765,0.0022
2001-11-30,-0.016853932584269704,0.0754,-0.004699999999999999,0.022099999999999998,0.0017000000000000001
2001-12-31,0.08000000000000007,0.016,0.047400000000000005,0.0084,0.0015
2002-01-31,-0.022486772486772444,-0.0144,0.011899999999999999,0.0344,0.0014000000000000002
2002-02-28,-0.012178619756427644,-0.0229,-0.0101,0.0216,0.0013
2002-03-28,-0.02602739726027392,0.0424,0.0421,0.0106,0.0013
2002-04-30,0.03305203938115331,-0.052000000000000005,0.0596,0.0388,0.0015
2002-05-31,0.015656909462219204,-0.0138,-0.0321,0.015300000000000001,0.0014000000000000002
2002-06-28,-0.1045576407506702,-0.0721,0.0429,-5e-4,0.0013
2002-07-31,0.022455089820359264,-0.0818,-0.0528,-0.0385,0.0015
2002-08-30,0.06881405563689613,0.005,-0.0286,0.032799999999999996,0.0014000000000000002
2002-09-30,0.012328767123287676,-0.1035,0.024,0.0147,0.0014000000000000002
2002-10-31,0.003924221921515647,0.0784,-0.0341,-0.0395,0.0014000000000000002
2002-11-29,-0.025475131419328778,0.0596,0.0318,-0.0123,0.0012
2002-12-31,0.006224066390041472,-0.0576,9e-4,0.021400000000000002,0.0011
2003-01-31,-0.07079037800687282,-0.025699999999999997,0.013300000000000001,-0.0083,0.001
2003-02-28,-0.08727810650887569,-0.018799999999999997,-0.0045000000000000005,-0.0139,9e-4
2003-03-31,0.034035656401944836,0.0109,0.0102,-0.019299999999999998,0.001
2003-04-30,0.0942789968652038,0.08220000000000001,0.0063,0.011399999999999999,0.001
2003-05-30,0.016973429778700755,0.0605,0.0467,0.004,9e-4
2003-06-30,0.021126760563380254,0.014199999999999999,0.0174,0.0011,0.001
2003-07-31,-0.006758620689655159,0.0235,0.0506,-0.0124,7.000000000000001e-4
2003-08-29,0.052284404943757856,0.023399999999999997,0.0259,0.015300000000000001,7.000000000000001e-4
2003-09-30,-0.010227647641042559,-0.0124,0.008,0.0016,8e-4
2003-10-31,0.03746666666666676,0.0608,0.027000000000000003,0.0197,7.000000000000001e-4
2003-11-28,0.07633980208199453,0.013500000000000002,0.0208,0.0178,7.000000000000001e-4
2003-12-31,0.005970149253731405,0.0429,-0.0268,0.016,8e-4
2004-01-30,0.06219584569732928,0.0215,0.0255,0.024900000000000002,7.000000000000001e-4
2004-02-27,0.055983908816627626,0.013999999999999999,-0.0158,0.009000000000000001,6e-4
2004-03-31,-0.012698412698412653,-0.0132,0.0172,0.0027,9e-4
2004-04-30,9.646302250803096e-4,-0.0183,-0.0168,-0.031,8e-4
2004-05-28,-0.04700717421565481,0.011699999999999999,-0.002,-0.0025,6e-4
2004-06-30,-5.617977528089568e-4,0.018600000000000002,0.0226,0.0118,8e-4
2004-07-30,-0.019111860595840358,-0.0406,-0.0381,0.032400000000000005,0.001
2004-08-31,-0.002865329512893977,8e-4,-0.0148,0.0097,0.0011
2004-09-30,-0.004022988505747116,0.016,0.0301,0,0.0011
2004-10-29,-0.027697634160415485,0.0143,0.0015,-0.0022,0.0011
2004-11-30,-0.006528189910979254,0.0454,0.0374,0.0141,0.0015
2004-12-31,0.05017921146953408,0.034300000000000004,-3e-4,-0.0022,0.0016
2005-01-31,0.022753128555176305,-0.0276,-0.0172,0.0206,0.0016
2005-02-28,0.0033370411568409697,0.0189,-0.005699999999999999,0.0154,0.0016
2005-03-31,-0.03547671840354771,-0.0197,-0.013999999999999999,0.0204,0.0021
2005-04-29,-0.030459770114942497,-0.026099999999999998,-0.0394,7.000000000000001e-4,0.0021
2005-05-31,-0.0029638411381149865,0.0365,0.028900000000000002,-0.0064,0.0024
2005-06-30,-0.007134363852556502,0.005699999999999999,0.0258,0.028300000000000002,0.0023
2005-07-29,0,0.0392,0.0291,-0.0079,0.0024
2005-08-31,-0.004191616766467066,-0.012199999999999999,-0.0097,0.0132,0.003
2005-09-30,-0.013830426939266394,0.0049,-0.006500000000000001,0.0070999999999999995,0.0029
2005-10-31,0.04756097560975614,-0.0202,-0.0125,0.0042,0.0027
2005-11-30,0.04062863795110583,0.0361,0.009899999999999999,-0.0116,0.0031
2005-12-30,-0.008613938919342257,-0.0025,-0.0042,0.002,0.0032
2006-01-31,0.0098171970209886,0.0304,0.053899999999999997,0.0108,0.0034999999999999996
2006-02-28,-0.03005922449435694,-0.003,-0.0038,-0.0034000000000000002,0.0034000000000000002
2006-03-31,0.040898617511520685,0.0146,0.0344,0.006,0.0037
2006-04-28,-0.014941892639734333,0.0073,-0.014199999999999999,0.023399999999999997,0.0036
2006-05-31,0.03696629213483149,-0.035699999999999996,-0.0296,0.0241,0.0043
2006-06-30,-0.006837143785892286,-0.0034999999999999996,-0.0039000000000000003,0.0085,0.004
2006-07-31,-6.436901995439115e-4,-0.0078000000000000005,-0.0398,0.026000000000000002,0.004
2006-08-31,0.04909388646288204,0.0203,0.0103,-0.0206,0.0042
2006-09-29,-0.0030906271787880524,0.0184,-0.013600000000000001,8e-4,0.0040999999999999995
2006-10-31,0.10099164926931103,0.0323,0.0175,-0.0031,0.0040999999999999995
2006-11-30,0.015406494429959672,0.0171,0.006999999999999999,0.0014000000000000002,0.0042
2006-12-29,0.026984126984126888,0.0087,-0.011399999999999999,0.0273,0.004
2007-01-31,5.455041367397051e-4,0.013999999999999999,0.0013,-0.0068000000000000005,0.0044
2007-02-28,-0.035074965924579704,-0.0196,0.011899999999999999,-0.0014000000000000002,0.0038
2007-03-30,0.026367831245879936,0.0068000000000000005,0.0016,-0.0097,0.0043
2007-04-30,0.0019267822736031004,0.0349,-0.0216,-0.014499999999999999,0.0044
2007-05-31,0.0026556776556776462,0.032400000000000005,0.0024,-0.006500000000000001,0.0040999999999999995
2007-06-29,-1.3699881267692504e-4,-0.0196,0.0074,-0.0105,0.004
2007-07-31,0.004795615437314549,-0.0373,-0.026099999999999998,-0.0371,0.004
2007-08-31,0.07627272727272727,0.0092,-0.0012,-0.018600000000000002,0.0042
2007-09-28,0.001013599121547415,0.0322,-0.0223,-0.022099999999999998,0.0032
2007-10-31,0.11804910977976535,0.018000000000000002,8e-4,-0.0298,0.0032
2007-11-30,0.05735849056603781,-0.0483,-0.029300000000000003,-0.009399999999999999,0.0034000000000000002
2007-12-31,0.010706638115631772,-0.0087,0.0013,-0.0055000000000000005,0.0027
2008-01-31,-0.039548022598870025,-0.0636,-0.0103,0.0397,0.0021
2008-02-29,0.02941176470588225,-0.030899999999999997,-0.0043,-0.0084,0.0013
2008-03-31,-0.04714285714285715,-0.009300000000000001,0.0070999999999999995,0.003,0.0017000000000000001
2008-04-30,0.0033733133433282436,0.046,-0.0172,-0.009399999999999999,0.0018
2008-05-30,0.005976839745984286,0.018600000000000002,0.0296,-0.0143,0.0018
2008-06-30,-0.10323059784626809,-0.08439999999999999,0.0123,-0.0271,0.0017000000000000001
2008-07-31,-0.05217391304347829,-0.0077,0.026099999999999998,0.0542,0.0015
2008-08-29,0.018785495849716005,0.015300000000000001,0.036000000000000004,0.0159,0.0013
2008-09-30,0.12006861063464846,-0.0924,-0.0123,0.0591,0.0015
2008-10-31,-0.11569678407350692,-0.1723,-0.026000000000000002,-0.023,8e-4
2008-11-28,-0.09948913325829079,-0.0786,-0.0285,-0.06309999999999999,3e-4
2008-12-31,-0.07115384615384612,0.0174,0.0346,0.0014000000000000002,0
2009-01-30,-0.07347826086956522,-0.0812,7.000000000000001e-4,-0.11289999999999999,0
2009-02-27,-0.12180733391432597,-0.10099999999999999,5e-4,-0.0695,1e-4
2009-03-31,0.10305343511450382,0.0895,3e-4,0.0347,2e-4
2009-04-30,0.08419838523644763,0.1018,0.054000000000000006,0.0536,1e-4
2009-05-29,-0.025531914893617058,0.0521,-0.0252,0.0028000000000000004,0
2009-06-30,-0.017467248908296984,0.0043,0.0263,-0.0273,1e-4
2009-07-31,0.07777777777777772,0.07719999999999999,0.0187,0.0483,1e-4
2009-08-31,0.03969072164948462,0.0333,-0.0108,0.07629999999999999,1e-4
2009-09-30,0.0014873574615765772,0.0408,0.024300000000000002,0.0105,1e-4
2009-10-30,-0.01980198019801982,-0.0259,-0.0435,-0.0421,0
2009-11-30,0.016161616161616266,0.0556,-0.024,-0.0034000000000000002,0
2009-12-31,-0.013916500994035741,0.0275,0.0605,-0.0017000000000000001,1e-4
2010-01-29,0.155241935483871,-0.0336,0.004,0.0043,0
2010-02-26,0.04537521815008727,0.034,0.011899999999999999,0.0323,0
2010-03-31,0.016694490818029983,0.06309999999999999,0.0148,0.022099999999999998,1e-4
2010-04-30,-0.053160919540229834,0.02,0.0487,0.028900000000000002,1e-4
2010-05-28,-0.08163884673748101,-0.0789,9e-4,-0.024399999999999998,1e-4
2010-06-30,0.1330374846567841,-0.0557,-0.0182,-0.047,1e-4
2010-07-30,-0.025000000000000022,0.0693,0.002,-0.0031,1e-4
2010-08-31,0.014316239316239265,-0.04769999999999999,-0.03,-0.019,1e-4
2010-09-30,0.049083631767432134,0.09539999999999998,0.039599999999999996,-0.0316,1e-4
2010-10-29,-0.0417670682730924,0.0388,0.011399999999999999,-0.024300000000000002,1e-4
2010-11-30,0.007544006705783701,0.006,0.0377,-0.0096,1e-4
2010-12-31,0.002079866888519133,0.0682,0.0073,0.037000000000000005,1e-4
2011-01-31,0.016396845163968443,0.0199,-0.025,0.0083,1e-4
2011-02-28,0.07249336328364309,0.0349,0.015300000000000001,0.0127,1e-4
2011-03-31,-0.045696877380045686,0.0046,0.0254,-0.0183,1e-4
2011-04-29,-0.004389465283320071,0.028999999999999998,-0.0038,-0.024300000000000002,0
2011-05-31,-0.04789579158316637,-0.0127,-0.0059,-0.0212,0
2011-06-30,-0.02247947800463057,-0.0175,-0.0012,-0.0042,0
2011-07-29,-0.039662374574738424,-0.0235,-0.0126,-0.009000000000000001,0
2011-08-31,-0.015524663677130013,-0.0599,-0.0305,-0.0236,1e-4
2011-09-30,-0.027047709280397902,-0.0759,-0.0331,-0.0172,0
2011-10-31,0.09503745318352053,0.11349999999999999,0.032799999999999996,0.001,0
2011-11-30,0.013253527148354038,-0.0028000000000000004,-0.0016,-0.0046,0
2011-12-30,-0.0316033755274262,0.0074,-0.0059,0.0163,0
2012-01-31,0.027624068668031798,0.050499999999999996,0.0204,-0.0097,0
2012-02-29,7.631969472132738e-5,0.044199999999999996,-0.018500000000000003,0.0043,0
2012-03-30,0.033628978920413166,0.0311,-0.0064,0.011399999999999999,0
2012-04-30,-0.009023789991796538,-0.0085,-0.0042,-0.0078000000000000005,0
2012-05-31,-0.01614238410596025,-0.061900000000000004,7.000000000000001e-4,-0.010700000000000001,1e-4
2012-06-29,0.051283129995792986,0.038900000000000004,0.0067,0.0062,0
2012-07-31,0.020008803873704517,0.0079,-0.0274,-2e-4,0
2012-08-31,-0.0069441719957629156,0.0255,0.004699999999999999,0.013000000000000001,1e-4
2012-09-28,0.0485145385587864,0.0273,0.005,0.016,1e-4
2012-10-31,-0.024076865109268986,-0.0176,-0.0115,0.0359,1e-4
2012-11-30,0.018617041813057345,0.0078000000000000005,0.0063,-0.0084,1e-4
2012-12-31,0.016252766912277616,0.0118,0.0148,0.0351,1e-4
2013-01-31,0.08813217962106523,0.0557,0.0033,0.0096,0
2013-02-28,0.04610111396743788,0.0129,-0.0027,0.0011,0
2013-03-28,0.024115334207077233,0.0403,0.008100000000000001,-0.0019,0
2013-04-30,0.017404658305605336,0.0155,-0.023700000000000002,0.0045000000000000005,0
2013-05-31,0.07735849056603783,0.027999999999999997,0.017,0.0263,0
2013-06-28,-0.015761821366024553,-0.012,0.013300000000000001,3e-4,0
2013-07-31,0.031435349940688084,0.0565,0.0187,0.005699999999999999,0
2013-08-30,-0.039390454284071286,-0.0271,0.0027,-0.0269,0
2013-09-30,0.020113738401676073,0.0377,0.0288,-0.012199999999999999,0
2013-10-31,0.015163429376210402,0.0418,-0.015300000000000001,0.0125,0
2013-11-29,0.01015064106269592,0.0313,0.0129,0.0032,0
2013-12-31,0.018025751072961338,0.0281,-0.0046,-2e-4,0
2014-01-31,-0.04715570545250136,-0.0332,0.0089,-0.0207,0
2014-02-28,0.024759455138604558,0.04650000000000001,0.0034999999999999996,-0.0031,0
2014-03-31,0.0785340916941073,0.0043,-0.0181,0.0493,0
2014-04-30,0.031625300240192056,-0.0019,-0.04190000000000001,0.011699999999999999,0
2014-05-30,-0.006596818005432659,0.0206,-0.018799999999999997,-0.0013,0
2014-06-30,-0.010937500000000044,0.026099999999999998,0.030899999999999997,-0.006999999999999999,0
2014-07-31,-0.009352290679304875,-0.0204,-0.0429,3e-4,0
2014-08-29,0.09438455486806574,0.0424,0.004,-0.0045000000000000005,0
2014-09-30,0.004954342335340867,-0.0197,-0.0371,-0.0134,0
2014-10-31,0.014983083615273118,0.0252,0.0421,-0.0181,0
2014-11-28,0.06221428571428578,0.0255,-0.0206,-0.030899999999999997,0
2014-12-31,0.013157599802747999,-6e-4,0.024900000000000002,0.0227,0
2015-01-30,-0.04484513274336288,-0.0311,-0.005600000000000001,-0.0358,0
2015-02-27,0.024621870150325353,0.0613,0.0063,-0.018600000000000002,0
2015-03-31,-0.01663803237182382,-0.011200000000000002,0.0304,-0.0037,0
2015-04-30,-0.01885057471264373,0.0059,-0.030600000000000002,0.0182,0
2015-05-29,0.006560449859418949,0.013600000000000001,0.009300000000000001,-0.011399999999999999,0
2015-06-30,-0.04632216014897583,-0.015300000000000001,0.0291,-0.0079,0
2015-07-31,0.044666829387356666,0.0154,-0.0417,-0.041299999999999996,0
2015-08-31,-0.05359345794392523,-0.0604,0.0033,0.0277,0
2015-09-30,-0.0359994272481744,-0.030699999999999998,-0.0262,0.005600000000000001,0
2015-10-30,0.04792050809260395,0.0775,-0.018799999999999997,-0.0046,0
2015-11-30,-0.015816536002658865,0.005600000000000001,0.036000000000000004,-0.0042,0
2015-12-31,-0.017679777512912165,-0.0217,-0.028399999999999998,-0.026099999999999998,1e-4
2016-01-29,-0.017391304347826098,-0.057699999999999994,-0.0342,0.0209,1e-4
2016-02-29,0.04216402551965426,-7.000000000000001e-4,0.0073,-0.005699999999999999,2e-4
2016-03-31,0.053787860087383565,0.0696,0.008199999999999999,0.011899999999999999,2e-4
2016-04-29,0.026001405481377304,0.0091,0.0076,0.032799999999999996,1e-4
2016-05-31,-0.03335616438356159,0.0178,-0.0017000000000000001,-0.0166,1e-4
2016-06-30,0.02494154325798914,-5e-4,0.0060999999999999995,-0.0148,2e-4
2016-07-29,-0.004493605254061506,0.0395,0.024900000000000002,-0.0132,2e-4
2016-08-31,0.04518518518518522,0.0049,0.0115,0.0318,2e-4
2016-09-30,-0.04225726435152377,0.0025,0.0212,-0.0124,2e-4
2016-10-31,-0.002404957913236472,-0.0202,-0.044000000000000004,0.0409,2e-4
2016-11-30,0.09874826147426985,0.048600000000000004,0.0571,0.0821,1e-4
2016-12-30,0.03004641350210968,0.0181,0.001,0.0353,3e-4
2017-01-31,0.007615076130279563,0.0194,-0.011899999999999999,-0.0275,4e-4
2017-02-28,0.0452069273924709,0.035699999999999996,-0.020499999999999997,-0.0167,4e-4
2017-03-31,-0.028199144301828127,0.0017000000000000001,0.011399999999999999,-0.0335,3e-4
2017-04-28,-0.008284970982589512,0.0109,0.0073,-0.0213,5e-4
2017-05-31,0.0026636532407782187,0.0106,-0.025699999999999997,-0.0378,6e-4
2017-06-30,0.025197230719690822,0.0078000000000000005,0.0225,0.0148,6e-4
2017-07-31,0.031747153513937976,0.0187,-0.0151,-0.0031,7.000000000000001e-4
2017-08-31,0.03296979291134239,0.0016,-0.0167,-0.0209,9e-4
2017-09-29,0.012120095781911866,0.025099999999999997,0.0447,0.031400000000000004,9e-4
2017-10-31,0.020856082113998697,0.0225,-0.0194,0.002,9e-4
2017-11-30,0.039326844225763935,0.031200000000000002,-0.0055000000000000005,-3e-4,8e-4
2017-12-29,0.020926243567753078,0.0106,-0.0132,6e-4,9e-4
2018-01-31,0.08660954301075274,0.0557,-0.0313,-0.0129,0.0012
2018-02-28,-0.04058755315036722,-0.0365,0.0025,-0.0104,0.0011
2018-03-29,-0.03593875906527,-0.0235,0.0406,-0.0021,0.0011
2018-04-30,-0.028251420929454985,0.0028000000000000004,0.0113,0.0054,0.0014000000000000002
2018-05-31,-0.011869946671254072,0.0265,0.0525,-0.032,0.0014000000000000002
2018-06-29,-0.017966573816155962,0.0048,0.011399999999999999,-0.023399999999999997,0.0014000000000000002
2018-07-31,0.06917458516522479,0.0319,-0.0222,0.004699999999999999,0.0016
2018-08-31,0.04725584480185696,0.0344,0.011399999999999999,-0.0394,0.0016
2018-09-28,0.013299556681444002,6e-4,-0.0227,-0.017,0.0015
2018-10-31,-0.03842187500000005,-0.0768,-0.0478,0.034,0.0019
2018-11-30,0.059456297427731064,0.0169,-0.0068000000000000005,0.003,0.0018
2018-12-31,-0.06134969325153372,-0.09570000000000001,-0.023799999999999998,-0.0184,0.002
2019-01-31,0.017973856209150263,0.084,0.028999999999999998,-0.0046,0.0021
2019-02-28,-0.02985553772070626,0.034,0.020499999999999997,-0.026699999999999998,0.0018
2019-03-29,-0.0032594308405029526,0.011000000000000001,-0.0305,-0.0417,0.0019
2019-04-30,0.07922912205567445,0.0397,-0.0174,0.0215,0.0021
2019-05-31,-0.08619416758951648,-0.0694,-0.0132,-0.023700000000000002,0.0021
2019-06-28,0.07166902309297796,0.0693,0.0029,-0.0070999999999999995,0.0018
2019-07-31,-0.030419349772263238,0.011899999999999999,-0.019299999999999998,0.0048,0.0019
2019-08-30,-0.018103710807150786,-0.0258,-0.023799999999999998,-0.0478,0.0016
2019-09-30,0.028883653712905577,0.0143,-0.0096,0.0675,0.0018
2019-10-31,0.02279111829446623,0.0206,0.0029,-0.0191,0.0016
2019-11-29,0.03623263382653108,0.0387,0.0077,-0.0202,0.0012
2019-12-31,0.027519327070001154,0.0277,0.0073,0.0175,0.0014000000000000002
2020-01-31,-0.010583350510910194,-0.0011,-0.0311,-0.0625,0.0013
2020-02-28,-0.08006047691043938,-0.08130000000000001,0.010700000000000001,-0.0381,0.0012
2020-03-31,-0.12001449387892438,-0.13390000000000002,-0.0483,-0.1387,0.0013
2020-04-30,0.03566176470588234,0.1365,0.0245,-0.013300000000000001,0
2020-05-29,-0.010862619808306717,0.0558,0.024700000000000003,-0.048799999999999996,1e-4
2020-06-30,-0.04069767441860461,0.0246,0.0269,-0.022000000000000002,1e-4
2020-07-31,0.09850729517396184,0.057699999999999994,-0.0233,-0.0141,1e-4
2020-08-31,0.11554978868035048,0.07629999999999999,-0.0022,-0.0297,1e-4
2020-09-30,-0.023076688240322385,-0.0363,2e-4,-0.0271,1e-4
2020-10-30,-0.054690454092330976,-0.021,0.0438,0.0425,1e-4
2020-11-30,0.13615867768595047,0.1247,0.057999999999999996,0.0209,1e-4
2020-12-31,0.012007983985475201,0.0463,0.0489,-0.0151,1e-4
2021-01-29,-0.010680965455773905,-3e-4,0.0736,0.0301,1e-4
2021-02-26,0.05951758209822722,0.0278,0.020499999999999997,0.07150000000000001,0
2021-03-31,0.057935158264304176,0.0308,-0.023700000000000002,0.0739,0
2021-04-30,0.06947850931548194,0.0493,-0.0319,-0.0095,0
2021-05-28,0.05696969696969689,0.0029,-0.0025,0.0709,0
2021-06-30,-0.03990596330275231,0.0275,0.0168,-0.0787,0
2021-07-30,7.142840079217283e-4,0.0127,-0.0397,-0.0178,0
2021-08-31,0.026259250417760782,0.0291,-0.0042,-0.0015,0
2021-09-30,-0.043082112119097515,-0.0437,0.0070999999999999995,0.0508,0
2021-10-29,0.05231915095325723,0.0665,-0.0235,-0.0049,0
2021-11-30,-0.03701992598786796,-0.0155,-0.0132,-0.0045000000000000005,0
2021-12-31,0.08104568264903711,0.031,-0.0167,0.0326,1e-4
2022-01-31,0.04247751086179896,-0.0625,-0.0594,0.1275,0
2022-02-28,0.013622673236768357,-0.0229,0.0219,0.0308,0
2022-03-31,0.11070022364317889,0.0305,-0.0161,-0.0181,1e-4
2022-04-29,-0.08428668931655203,-0.0946,-0.0139,0.0617,1e-4
2022-05-31,-0.021245406119667964,-0.0034000000000000002,-0.0183,0.0839,3e-4
2022-06-30,-0.1373272861512499,-0.0843,0.021,-0.059699999999999996,6e-4
2022-07-29,0.10453600684680286,0.09570000000000001,0.0281,-0.0405,8e-4
2022-08-31,-0.06728359530661943,-0.0377,0.013999999999999999,0.0029,0.0019
2022-09-30,-0.03521888974337062,-0.0935,-0.008100000000000001,5e-4,0.0019
2022-10-31,0.09491475385637327,0.0783,6e-4,0.0801,0.0023
2022-11-30,0.07915964498370975,0.046,-0.0352,0.0138,0.0029
2022-12-30,-0.024088031981344238,-0.0641,-0.0069,0.0137,0.0033
2023-01-31,0.009150627998916194,0.0665,0.0501,-0.0401,0.0034999999999999996
2023-02-28,-0.020031712473572938,-0.0258,0.011699999999999999,-0.008100000000000001,0.0034000000000000002
2023-03-31,0.004476565449544223,0.025099999999999997,-0.055099999999999996,-0.0885,0.0036
2023-04-28,0.08006872852233671,0.0060999999999999995,-0.0335,-4e-4,0.0034999999999999996
2023-05-31,-0.029541839007317883,0.0034999999999999996,0.0161,-0.07719999999999999,0.0036
2023-06-30,0.06103388357949613,0.0646,0.0154,-0.0026,0.004
2023-07-31,0.03396998899210124,0.0321,0.0207,0.041299999999999996,0.0045000000000000005
