Date,Market,Market_return,BRK-A_Price,BRK-A_return,Market_Value,BRK-A_value
1980/3/1,102.089996,,260,,1,1
1980/4/1,106.290001,0.041140221,275,0.057692308,1.041140221,1.057692308
1980/5/1,111.239998,0.046570674,320,0.163636364,1.089626823,1.230769231
1980/6/1,114.239998,0.026968717,305,-0.046875,1.11901266,1.173076923
1980/7/1,121.669998,0.065038517,340,0.114754098,1.191791584,1.307692308
1980/8/1,122.379997,0.005835448,380,0.117647059,1.198746222,1.461538462
1980/9/1,125.459999,0.025167528,385,0.013157895,1.228915701,1.480769231
1980/10/1,127.470001,0.016021059,420,0.090909091,1.248604232,1.615384615
1980/11/1,140.520004,0.102377053,430,0.023809524,1.376432653,1.653846154
1980/12/1,135.759995,-0.033874245,425,-0.011627907,1.329807036,1.634615385
1981/1/1,129.550003,-0.045742429,430,0.011764706,1.268978432,1.653846154
1981/2/1,131.270004,0.013276735,485,0.127906977,1.285826321,1.865384615
1981/3/1,136,0.036032573,480,-0.010309278,1.332157952,1.846153846
1981/4/1,132.809998,-0.023455897,515,0.072916667,1.300910992,1.980769231
1981/5/1,132.589996,-0.001656517,520,0.009708738,1.298756011,2
1981/6/1,131.210007,-0.010407942,510,-0.019230769,1.285238634,1.961538462
1981/7/1,130.919998,-0.002210266,485,-0.049019608,1.282397915,1.865384615
1981/8/1,122.790001,-0.06209897,500,0.030927835,1.202762326,1.923076923
1981/9/1,116.18,-0.053831753,460,-0.08,1.138015521,1.769230769
1981/10/1,121.889999,0.049147865,505,0.097826087,1.193946555,1.942307692
1981/11/1,126.349998,0.03659036,575,0.138613861,1.23763349,2.211538462
1981/12/1,122.550003,-0.030075149,560,-0.026086957,1.200411478,2.153846154
1982/1/1,120.400002,-0.017543867,510,-0.089285714,1.179351618,1.961538462
1982/2/1,113.110001,-0.06054818,515,0.009803922,1.107944024,1.980769231
1982/3/1,111.959999,-0.010167112,480,-0.067961165,1.096679434,1.846153846
1982/4/1,116.440002,0.040014318,510,0.0625,1.140562313,1.961538462
1982/5/1,111.879997,-0.039161842,505,-0.009803922,1.095895792,1.942307692
1982/6/1,109.610001,-0.020289561,495,-0.01980198,1.073660548,1.903846154
1982/7/1,107.089996,-0.022990648,475,-0.04040404,1.048976395,1.826923077
1982/8/1,119.510002,0.115977276,485,0.021052632,1.17063382,1.865384615
1982/9/1,120.419998,0.007614392,550,0.134020619,1.179547485,2.115384615
1982/10/1,133.720001,0.110446796,610,0.109090909,1.309824726,2.346153846
1982/11/1,138.529999,0.03597067,690,0.131147541,1.356939998,2.653846154
1982/12/1,140.639999,0.015231358,775,0.123188406,1.377608037,2.980769231
1983/1/1,145.300003,0.033134272,765,-0.012903226,1.423254077,2.942307692
1983/2/1,148.059998,0.018995148,830,0.08496732,1.450288998,3.192307692
1983/3/1,152.960007,0.033094753,965,0.162650602,1.498285954,3.711538462
1983/4/1,164.429993,0.07498683,975,0.010362694,1.610637667,3.75
1983/5/1,162.389999,-0.012406459,985,0.01025641,1.590655357,3.788461538
1983/6/1,167.639999,0.032329577,910,-0.076142132,1.642080572,3.5
1983/7/1,162.559998,-0.030303036,950,0.043956044,1.592320544,3.653846154
1983/8/1,164.399994,0.011318873,1020,0.073684211,1.610343819,3.923076923
1983/9/1,166.070007,0.01015823,1240,0.215686275,1.626702062,4.769230769
1983/10/1,163.550003,-0.015174348,1310,0.056451613,1.60201792,5.038461538
1983/11/1,166.399994,0.017425808,1350,0.030534351,1.629934377,5.192307692
1983/12/1,164.929993,-0.008834141,1310,-0.02962963,1.615535307,5.038461538
1984/1/1,163.410004,-0.009215965,1325,0.011450382,1.60064659,5.096153846
1984/2/1,157.059998,-0.038859347,1280,-0.033962264,1.538446509,4.923076923
1984/3/1,159.179993,0.013497995,1240,-0.03125,1.559212452,4.769230769
1984/4/1,160.050003,0.005465574,1250,0.008064516,1.567734443,4.807692308
1984/5/1,150.550003,-0.05935645,1290,0.032,1.474679292,4.961538462
1984/6/1,153.179993,0.017469213,1260,-0.023255814,1.500440778,4.846153846
1984/7/1,150.660004,-0.016451163,1240,-0.015873016,1.475756782,4.769230769
1984/8/1,166.679993,0.106332063,1290,0.040322581,1.632677045,4.961538462
1984/9/1,166.100006,-0.003479644,1305,0.011627907,1.626995911,5.019230769
1984/10/1,166.089996,-6.03E-05,1300,-0.003831418,1.62689786,5
1984/11/1,163.580002,-0.015112253,1280,-0.015384615,1.602311768,4.923076923
1984/12/1,167.240005,0.022374391,1275,-0.00390625,1.638162519,4.903846154
1985/1/1,179.630005,0.074085145,1395,0.094117647,1.759526026,5.365384615
1985/2/1,181.179993,0.008628781,1490,0.068100358,1.774708591,5.730769231
1985/3/1,180.660004,-0.002870013,1815,0.218120805,1.769615154,6.980769231
1985/4/1,179.830002,-0.004594276,1850,0.019283747,1.761485053,7.115384615
1985/5/1,189.550003,0.054051053,1860,0.005405405,1.856695175,7.153846154
1985/6/1,191.850006,0.012134017,2150,0.155913978,1.879224346,8.269230769
1985/7/1,190.919998,-0.004847579,2110,-0.018604651,1.870114658,8.115384615
1985/8/1,188.630005,-0.011994516,2040,-0.033175355,1.847683538,7.846153846
1985/9/1,182.080002,-0.034724078,2120,0.039215686,1.783524431,8.153846154
1985/10/1,189.820007,0.042508814,2620,0.235849057,1.85933994,10.07692308
1985/11/1,202.169998,0.065061588,2625,0.001908397,1.980311548,10.09615385
1985/12/1,211.279999,0.045061093,2470,-0.059047619,2.06954655,9.5
1986/1/1,211.779999,0.002366528,2255,-0.087044534,2.074444189,8.673076923
1986/2/1,226.919998,0.071489277,2760,0.223946785,2.222744705,10.61538462
1986/3/1,238.899994,0.052793919,3120,0.130434783,2.340092109,12
1986/4/1,235.520004,-0.014148138,2910,-0.067307692,2.306984163,11.19230769
1986/5/1,247.350006,0.050229288,2860,-0.017182131,2.422862334,11
1986/6/1,250.839996,0.014109521,2975,0.04020979,2.45704776,11.44230769
1986/7/1,236.119995,-0.058682831,2825,-0.050420168,2.312861243,10.86538462
1986/8/1,252.929993,0.071192607,2900,0.026548673,2.477519864,11.15384615
1986/9/1,231.320007,-0.085438606,2625,-0.094827586,2.265844021,10.09615385
1986/10/1,243.979996,0.05472933,2875,0.095238095,2.389852146,11.05769231
1986/11/1,249.220001,0.021477191,2740,-0.046956522,2.441179457,10.53846154
1986/12/1,242.169998,-0.028288271,2820,0.02919708,2.37212271,10.84615385
1987/1/1,274.079987,0.131766896,3100,0.09929078,2.684689957,11.92307692
1987/2/1,284.200012,0.036923619,3360,0.083870968,2.783818426,12.92307692
1987/3/1,291.700012,0.026389865,3520,0.047619048,2.857283019,13.53846154
1987/4/1,288.359985,-0.011450212,3380,-0.039772727,2.824566523,13
1987/5/1,290.100006,0.006034197,3410,0.00887574,2.841610514,13.11538462
1987/6/1,304,0.047914491,3500,0.026392962,2.977764834,13.46153846
1987/7/1,318.660004,0.048223697,3960,0.131428571,3.121363664,15.23076923
1987/8/1,329.799988,0.03495884,3990,0.007575758,3.230482916,15.34615385
1987/9/1,321.829987,-0.024166165,4220,0.05764411,3.152414532,16.23076923
1987/10/1,251.789993,-0.217630416,3325,-0.212085308,2.466353246,12.78846154
1987/11/1,230.300003,-0.085348865,2900,-0.127819549,2.255852797,11.15384615
1987/12/1,247.080002,0.07286148,2950,0.017241379,2.42021757,11.34615385
1988/1/1,257.070007,0.040432269,3030,0.027118644,2.518072456,11.65384615
1988/2/1,267.820007,0.041817403,3150,0.03960396,2.623371706,12.11538462
1988/3/1,258.890015,-0.03334326,3425,0.087301587,2.535899943,13.17307692
1988/4/1,261.329987,0.009424744,3775,0.102189781,2.559800149,14.51923077
1988/5/1,262.160004,0.003176126,3925,0.039735099,2.567930397,15.09615385
1988/6/1,273.5,0.043256011,4150,0.057324841,2.679008823,15.96153846
1988/7/1,272.019989,-0.005411375,4375,0.054216867,2.664511702,16.82692308
1988/8/1,261.519989,-0.038600104,4300,-0.017142857,2.561661272,16.53846154
1988/9/1,271.910004,0.039729334,4800,0.11627907,2.663434368,18.46153846
1988/10/1,278.970001,0.025964462,4725,-0.015625,2.732589009,18.17307692
1988/11/1,273.700012,-0.018890881,4700,-0.005291005,2.680967996,18.07692308
1988/12/1,277.720001,0.014687573,4700,0,2.72034491,18.07692308
1989/1/1,297.470001,0.071114792,4925,0.04787234,2.913801672,18.94230769
1989/2/1,288.859985,-0.028944149,4725,-0.040609137,2.829464162,18.17307692
1989/3/1,294.869995,0.020805962,4950,0.047619048,2.888333887,19.03846154
1989/4/1,309.640015,0.050089939,6275,0.267676768,3.033010355,24.13461538
1989/5/1,320.519989,0.035137493,6425,0.023904382,3.139582736,24.71153846
1989/6/1,317.980011,-0.007924554,6575,0.023346304,3.114702943,25.28846154
1989/7/1,346.079987,0.088370259,7500,0.140684411,3.38995005,28.84615385
1989/8/1,351.450012,0.015516716,7975,0.063333333,3.442550943,30.67307692
1989/9/1,349.149994,-0.006544367,8625,0.081504702,3.420021625,33.17307692
1989/10/1,340.359985,-0.025175452,8510,-0.013333333,3.333921034,32.73076923
1989/11/1,345.98999,0.016541325,8250,-0.030552291,3.389068504,31.73076923
1989/12/1,353.399994,0.021416816,8675,0.051515152,3.461651561,33.36538462
1990/1/1,329.079987,-0.068817225,7455,-0.140634006,3.223430306,28.67307692
1990/2/1,331.890015,0.008539043,7225,-0.030851777,3.250955314,27.78846154
1990/3/1,339.940002,0.024254984,6725,-0.069204152,3.329807183,25.86538462
1990/4/1,330.799988,-0.026887139,6700,-0.003717472,3.240278195,25.76923077
1990/5/1,361.230011,0.09198919,7150,0.067164179,3.538348762,27.5
1990/6/1,358.019989,-0.008886366,7200,0.006993007,3.506905701,27.69230769
1990/7/1,356.149994,-0.005223158,7000,-0.027777778,3.488588578,26.92307692
1990/8/1,322.559998,-0.094314184,6400,-0.085714286,3.159565194,24.61538462
1990/9/1,306.049988,-0.051184307,5875,-0.08203125,2.997845039,22.59615385
1990/10/1,304,-0.006698213,5950,0.012765957,2.977764834,22.88461538
1990/11/1,322.220001,0.059934214,6345,0.066386555,3.156234828,24.40384615
1990/12/1,330.220001,0.024827757,6675,0.052009456,3.234597061,25.67307692
1991/1/1,343.929993,0.041517752,7400,0.108614232,3.368890258,28.46153846
1991/2/1,367.070007,0.067281175,8075,0.091216216,3.595553153,31.05769231
1991/3/1,375.220001,0.022202833,8025,-0.00619195,3.675384618,30.86538462
1991/4/1,375.339996,0.000319799,8125,0.012461059,3.676560003,31.25
1991/5/1,389.829987,0.038604975,8750,0.076923077,3.818493508,33.65384615
1991/6/1,371.160004,-0.047892629,8400,-0.04,3.635615815,32.30769231
1991/7/1,387.809998,0.044859343,8525,0.014880952,3.798707152,32.78846154
1991/8/1,395.429993,0.019648784,8775,0.029325513,3.87334713,33.75
1991/9/1,387.859985,-0.019143738,8875,0.011396011,3.799196789,34.13461538
1991/10/1,392.450012,0.011834237,8570,-0.034366197,3.844157384,32.96153846
1991/11/1,375.220001,-0.043903709,8350,-0.025670945,3.675384618,32.11538462
1991/12/1,417.089996,0.111587855,9050,0.083832335,4.085512904,34.80769231
1992/1/1,408.779999,-0.01992375,8850,-0.022099448,4.004114164,34.03846154
1992/2/1,412.700012,0.009589542,8725,-0.014124294,4.042511785,33.55769231
1992/3/1,403.690002,-0.021831863,8950,0.025787966,3.954256223,34.42307692
1992/4/1,414.950012,0.027892715,9125,0.019553073,4.064551163,35.09615385
1992/5/1,415.350006,0.000963957,9100,-0.002739726,4.068469216,35
1992/6/1,408.140015,-0.017358832,9225,0.013736264,3.997845342,35.48076923
1992/7/1,424.209991,0.039373684,9525,0.032520325,4.155255242,36.63461538
1992/8/1,414.029999,-0.02399753,9125,-0.041994751,4.055539379,35.09615385
1992/9/1,417.799988,0.009105594,9400,0.030136986,4.092467474,36.15384615
1992/10/1,418.679993,0.002106283,9475,0.007978723,4.101087368,36.44230769
1992/11/1,431.350006,0.030261807,10725,0.131926121,4.225193681,41.25
1992/12/1,435.709991,0.010107766,11750,0.095571096,4.267900951,45.19230769
1993/1/1,438.779999,0.007045989,12100,0.029787234,4.297972536,46.53846154
1993/2/1,443.380005,0.010483627,12475,0.030991736,4.343030878,47.98076923
1993/3/1,451.670013,0.018697298,12750,0.022044088,4.42423382,49.03846154
1993/4/1,440.190002,-0.02541681,12650,-0.007843137,4.311783909,48.65384615
1993/5/1,450.190002,0.022717463,15000,0.185770751,4.409736699,57.69230769
1993/6/1,450.529999,0.00075523,15400,0.026666667,4.413067065,59.23076923
1993/7/1,448.130005,-0.005327046,16000,0.038961039,4.389558454,61.53846154
1993/8/1,463.559998,0.034431957,17525,0.0953125,4.540699541,67.40384615
1993/9/1,458.929993,-0.00998793,16675,-0.04850214,4.49534735,64.13461538
1993/10/1,467.829987,0.019392923,17250,0.034482759,4.582525275,66.34615385
1993/11/1,461.790009,-0.012910626,17250,0,4.523362005,66.34615385
1993/12/1,466.450012,0.010091173,16325,-0.053623188,4.569008035,62.78846154
1994/1/1,481.609985,0.032500745,16200,-0.007656968,4.717504201,62.30769231
1994/2/1,467.140015,-0.030044996,15450,-0.046296296,4.575766807,59.42307692
1994/3/1,445.769989,-0.045746511,15925,0.030744337,4.366441439,61.25
1994/4/1,450.910004,0.011530644,16100,0.010989011,4.41678932,61.92307692
1994/5/1,456.5,0.012397143,16100,0,4.471544891,61.92307692
1994/6/1,444.269989,-0.026790824,16100,0,4.35174852,61.92307692
1994/7/1,458.26001,0.031489908,19600,0.217391304,4.48878468,75.38461538
1994/8/1,475.48999,0.037598699,19100,-0.025510204,4.657557142,73.46153846
1994/9/1,462.709991,-0.026877535,18950,-0.007853403,4.532373485,72.88461538
1994/10/1,472.350006,0.020833816,20250,0.068601583,4.626800123,77.88461538
1994/11/1,453.690002,-0.039504613,20525,0.013580247,4.444020176,78.94230769
1994/12/1,459.269989,0.012299118,20400,-0.006090134,4.498677706,78.46153846
1995/1/1,470.420013,0.024277711,24600,0.205882353,4.607895302,94.61538462
1995/2/1,487.390015,0.03607415,22275,-0.094512195,4.774121208,85.67307692
1995/3/1,500.709991,0.027329193,22650,0.016835017,4.90459409,87.11538462
1995/4/1,514.710022,0.027960359,21600,-0.046357616,5.0417283,83.07692308
1995/5/1,533.400024,0.036311712,22700,0.050925926,5.224802085,87.30769231
1995/6/1,544.75,0.021278544,23450,0.033039648,5.335978268,90.19230769
1995/7/1,562.059998,0.03177604,24750,0.0554371,5.505534529,95.19230769
1995/8/1,561.880005,-0.000320238,25500,0.03030303,5.503771447,98.07692308
1995/9/1,584.409973,0.040097472,29400,0.152941176,5.724458771,113.0769231
1995/10/1,581.5,-0.004979335,29500,0.003401361,5.695954773,113.4615385
1995/11/1,605.369995,0.041049003,31300,0.061016949,5.929768035,120.3846154
1995/12/1,615.929993,0.017443874,32100,0.025559105,6.033206163,123.4615385
1996/1/1,636.02002,0.032617387,31900,-0.00623053,6.229993583,122.6923077
1996/2/1,640.429993,0.006933702,35500,0.112852665,6.273190499,136.5384615
1996/3/1,645.5,0.007916567,33850,-0.046478873,6.322852633,130.1923077
1996/4/1,654.169983,0.013431422,33500,-0.010339734,6.407777536,128.8461538
1996/5/1,669.119995,0.022853406,30500,-0.089552239,6.554217075,117.3076923
1996/6/1,670.630005,0.00225671,30700,0.006557377,6.569008045,118.0769231
1996/7/1,639.950012,-0.045748017,30900,0.006514658,6.268488952,118.8461538
1996/8/1,651.98999,0.018813935,31300,0.012944984,6.386423896,120.3846154
1996/9/1,687.330017,0.054203328,32150,0.02715655,6.732589322,123.6538462
1996/10/1,705.27002,0.026101003,32400,0.00777605,6.908316658,124.6153846
1996/11/1,757.02002,0.073376152,33200,0.024691358,7.41522235,127.6923077
1996/12/1,740.73999,-0.021505415,34100,0.027108434,7.255754913,131.1538462
1997/1/1,786.159973,0.061317039,34800,0.020527859,7.700656321,133.8461538
1997/2/1,790.820007,0.00592759,35500,0.020114943,7.746302654,136.5384615
1997/3/1,757.119995,-0.04261401,36200,0.01971831,7.416201633,139.2307692
1997/4/1,801.340027,0.058405579,38000,0.049723757,7.849349186,146.1538462
1997/5/1,848.280029,0.058576884,43000,0.131578947,8.309139605,165.3846154
1997/6/1,885.140015,0.043452616,47200,0.097674419,8.670193454,181.5384615
1997/7/1,954.309998,0.07814581,47200,0,9.34773274,181.5384615
1997/8/1,899.469971,-0.057465632,41500,-0.120762712,8.810559372,159.6153846
1997/9/1,947.280029,0.05315359,44800,0.079518072,9.278872232,172.3076923
1997/10/1,914.619995,-0.034477697,43700,-0.024553571,8.958958084,168.0769231
1997/11/1,955.400024,0.044586855,45300,0.036613272,9.358409849,174.2307692
1997/12/1,970.429993,0.015731598,46000,0.015452539,9.505632589,176.9230769
1998/1/1,980.280029,0.010150177,50300,0.093478261,9.60211644,193.4615385
1998/2/1,1049.339966,0.070449193,55800,0.109343936,10.2785778,214.6153846
1998/3/1,1101.75,0.049945714,67200,0.204301075,10.7919487,258.4615385
1998/4/1,1111.75,0.009076469,68600,0.020833333,10.88990149,263.8461538
1998/5/1,1090.819946,-0.018826224,70700,0.030612245,10.68488577,271.9230769
1998/6/1,1133.839966,0.039438241,78305,0.107567185,11.10627888,301.1730769
1998/7/1,1120.670044,-0.011615327,70105,-0.104718728,10.97727581,269.6346154
1998/8/1,957.280029,-0.145796719,60500,-0.137008773,9.376825022,232.6923077
1998/9/1,1017.01001,0.062395516,59600,-0.014876033,9.961896854,229.2307692
1998/10/1,1098.670044,0.080294228,64500,0.082214765,10.76177968,248.0769231
1998/11/1,1163.630005,0.059125996,67900,0.052713178,11.39808062,261.1538462
1998/12/1,1229.22998,0.056375287,70000,0.030927835,12.04065068,269.2307692
1999/1/1,1279.640015,0.041009442,65000,-0.071428571,12.53443104,250
1999/2/1,1238.329956,-0.032282563,71100,0.093846154,12.12978749,273.4615385
1999/3/1,1286.369995,0.038794215,71400,0.004219409,12.60035307,274.6153846
1999/4/1,1335.180054,0.037944028,76400,0.070028011,13.07846122,293.8461538
1999/5/1,1301.839966,-0.024970481,72000,-0.057591623,12.75188576,276.9230769
1999/6/1,1372.709961,0.054438331,68900,-0.043055556,13.44607714,265
1999/7/1,1328.719971,-0.032046092,67805,-0.015892598,13.01518291,260.7884615
1999/8/1,1320.410034,-0.006254092,64200,-0.053167171,12.93378476,246.9230769
1999/9/1,1282.709961,-0.028551792,55000,-0.143302181,12.56450202,211.5384615
1999/10/1,1362.930054,0.062539542,63900,0.161818182,13.35028022,245.7692308
1999/11/1,1388.910034,0.019061859,57300,-0.103286385,13.60476137,220.3846154
1999/12/1,1469.25,0.057843895,56100,-0.020942408,14.39171376,215.7692308
2000/1/1,1394.459961,-0.050903549,51200,-0.087344029,13.65912446,196.9230769
2000/2/1,1366.420044,-0.020108083,44000,-0.140625,13.38446564,169.2307692
2000/3/1,1498.579956,0.096719828,57200,0.3,14.67900886,220
2000/4/1,1452.430054,-0.030795756,59300,0.036713287,14.22695769,228.0769231
2000/5/1,1420.599976,-0.021915051,58600,-0.011804384,13.9151732,225.3846154
2000/6/1,1454.599976,0.02393355,53800,-0.081911263,14.24821268,206.9230769
2000/7/1,1430.829956,-0.016341276,55100,0.024163569,14.01537871,211.9230769
2000/8/1,1517.680054,0.060699105,57700,0.047186933,14.86609965,221.9230769
2000/9/1,1436.51001,-0.053482975,64400,0.116117851,14.07101642,247.6923077
2000/10/1,1429.400024,-0.004949486,63700,-0.010869565,14.00137212,245
2000/11/1,1314.949951,-0.08006861,65900,0.034536892,12.88030172,253.4615385
2000/12/1,1320.280029,0.004053446,71000,0.077389985,12.93251132,273.0769231
2001/1/1,1366.01001,0.034636577,68400,-0.036619718,13.38044925,263.0769231
2001/2/1,1239.939941,-0.092290736,70300,0.027777778,12.14555774,270.3846154
2001/3/1,1160.329956,-0.064204711,65450,-0.068990043,11.36575572,251.7307692
2001/4/1,1249.459961,0.076814362,68000,0.038961039,12.23880899,261.5384615
2001/5/1,1255.819946,0.005090187,68700,0.010294118,12.30110682,264.2307692
2001/6/1,1224.380005,-0.025035389,69400,0.010189229,11.99314382,266.9230769
2001/7/1,1211.22998,-0.01074015,69200,-0.002881844,11.86433566,266.1538462
2001/8/1,1133.579956,-0.064108407,69400,0.002890173,11.10373201,266.9230769
2001/9/1,1040.939941,-0.081723406,70000,0.008645533,10.19629721,269.2307692
2001/10/1,1059.780029,0.018099111,71200,0.017142857,10.38084113,273.8461538
2001/11/1,1139.449951,0.075175904,70000,-0.016853933,11.16123024,269.2307692
2001/12/1,1148.079956,0.007573834,75600,0.08,11.24576355,290.7692308
2002/1/1,1130.199951,-0.015573833,73900,-0.022486772,11.07062391,284.2307692
2002/2/1,1106.72998,-0.020766211,73000,-0.01217862,10.840729,280.7692308
2002/3/1,1147.390015,0.036738894,71100,-0.026027397,11.23900539,273.4615385
2002/4/1,1076.920044,-0.061417626,73450,0.033052039,10.54873236,282.5
2002/5/1,1067.140015,-0.009081481,74600,0.015656909,10.45293424,286.9230769
2002/6/1,989.820007,-0.072455354,66800,-0.104557641,9.695563187,256.9230769
2002/7/1,911.619995,-0.079004275,68300,0.02245509,8.929572247,262.6923077
2002/8/1,916.070007,0.004881433,73000,0.068814056,8.973161357,280.7692308
2002/9/1,815.280029,-0.110024318,73900,0.012328767,7.985895396,284.2307692
2002/10/1,885.76001,0.086448801,74190,0.003924222,8.676266478,285.3461538
2002/11/1,936.309998,0.057069621,72300,-0.025475131,9.171417717,278.0769231
2002/12/1,879.820007,-0.060332573,72750,0.006224066,8.618082491,279.8076923
2003/1/1,855.700012,-0.027414693,67600,-0.070790378,8.381820409,260
2003/2/1,841.150024,-0.017003609,61700,-0.087278107,8.239299216,237.3076923
2003/3/1,848.179993,0.008357569,63800,0.034035656,8.308159724,245.3846154
2003/4/1,916.919983,0.081044107,69815,0.094278997,8.981487109,268.5192308
2003/5/1,963.590027,0.05089871,71000,0.01697343,9.438633213,273.0769231
2003/6/1,974.5,0.011322215,72500,0.021126761,9.545499443,278.8461538
2003/7/1,990.309998,0.016223702,72010,-0.006758621,9.700362786,276.9615385
2003/8/1,1008.01001,0.017873203,75775,0.052284405,9.873739343,291.4423077
2003/9/1,995.969971,-0.011944365,75000,-0.010227648,9.755803801,288.4615385
2003/10/1,1050.709961,0.054961486,77810,0.037466667,10.29199728,299.2692308
2003/11/1,1058.199951,0.007128504,83750,0.076339802,10.36536382,322.1153846
2003/12/1,1111.920044,0.050765541,84250,0.005970149,10.89156712,324.0384615
2004/1/1,1131.130005,0.017276387,89490,0.062195846,11.07973405,344.1923077
2004/2/1,1144.939941,0.012208973,94500,0.055983909,11.21500623,363.4615385
2004/3/1,1126.209961,-0.016358919,93300,-0.012698413,11.03154085,358.8461538
2004/4/1,1107.300049,-0.016790752,93390,0.00096463,10.84631298,359.1923077
2004/5/1,1120.680054,0.01208345,89000,-0.047007174,10.97737387,342.3076923
2004/6/1,1140.839966,0.017988999,88950,-0.000561798,11.17484583,342.1153846
2004/7/1,1101.719971,-0.034290519,87250,-0.019111861,10.79165456,335.5769231
2004/8/1,1104.23999,0.00228735,87000,-0.00286533,10.81633885,334.6153846
2004/9/1,1114.579956,0.009363876,86650,-0.004022989,10.9176217,333.2692308
2004/10/1,1130.199951,0.014014244,84250,-0.027697634,11.07062391,324.0384615
2004/11/1,1173.819946,0.038594936,83700,-0.00652819,11.49789394,321.9230769
2004/12/1,1211.920044,0.032458213,87900,0.050179211,11.87109503,338.0769231
2005/1/1,1181.27002,-0.025290467,89900,0.022753129,11.57086949,345.7692308
2005/2/1,1203.599976,0.018903346,90200,0.003337041,11.78959764,346.9230769
2005/3/1,1180.589966,-0.019117656,87000,-0.035476718,11.56420817,334.6153846
2005/4/1,1156.849976,-0.020108582,84350,-0.03045977,11.33166834,324.4230769
2005/5/1,1191.5,0.029952046,84100,-0.002963841,11.671075,323.4615385
2005/6/1,1191.329956,-0.000142714,83500,-0.007134364,11.66940937,321.1538462
2005/7/1,1234.180054,0.035968287,83500,0,12.08913804,321.1538462
2005/8/1,1220.329956,-0.011222105,83150,-0.004191617,11.95347246,319.8076923
2005/9/1,1228.810059,0.006949025,82000,-0.013830427,12.03653744,315.3846154
2005/10/1,1207.01001,-0.01774078,85900,0.047560976,11.82299988,330.3846154
2005/11/1,1249.47998,0.035186096,89390,0.040628638,12.23900508,343.8076923
2005/12/1,1248.290039,-0.000952349,88620,-0.008613939,12.22734928,340.8461538
2006/1/1,1280.079956,0.025466771,89490,0.009817197,12.53874039,344.1923077
2006/2/1,1280.660034,0.000453158,86800,-0.030059224,12.54442241,333.8461538
2006/3/1,1294.869995,0.01109581,90350,0.040898618,12.68361295,347.5
2006/4/1,1310.609985,0.012155653,89000,-0.014941893,12.83779054,342.3076923
2006/5/1,1270.089966,-0.030916916,92290,0.036966292,12.44088565,354.9615385
2006/6/1,1270.199951,8.66E-05,91659,-0.006837144,12.44196298,352.5346154
2006/7/1,1276.660034,0.005085879,91600,-0.00064369,12.5052413,352.3076923
2006/8/1,1303.819946,0.021274193,96097,0.049093886,12.77128021,369.6038462
2006/9/1,1335.849976,0.024566299,95800,-0.003090627,13.0850233,368.4615385
2006/10/1,1377.939941,0.031508003,105475,0.100991649,13.49730625,405.6730769
2006/11/1,1400.630005,0.016466657,107100,0.015406494,13.71956176,411.9230769
2006/12/1,1418.300049,0.012615783,109990,0.026984127,13.89264477,423.0384615
2007/1/1,1438.23999,0.014059043,110050,0.000545504,14.08796206,423.2692308
2007/2/1,1406.819946,-0.021846176,106190,-0.035074966,13.78019396,408.4230769
2007/3/1,1420.859985,0.009979983,108990,0.026367831,13.91772006,419.1923077
2007/4/1,1482.369995,0.043290691,109200,0.001926782,14.52022777,420
2007/5/1,1530.619995,0.032549229,109490,0.002655678,14.99284999,421.1153846
2007/6/1,1503.349976,-0.017816322,109475,-0.000136999,14.72573254,421.0576923
2007/7/1,1455.27002,-0.031981878,110000,0.004795615,14.25477595,423.0769231
2007/8/1,1473.98999,0.012863572,118390,0.076272727,14.43814328,455.3461538
2007/9/1,1526.75,0.035794008,118510,0.001013599,14.9549423,455.8076923
2007/10/1,1549.380005,0.014822338,132500,0.11804911,15.17660952,509.6153846
2007/11/1,1481.140015,-0.044043417,140100,0.057358491,14.50817977,538.8461538
2007/12/1,1468.359985,-0.008628509,141600,0.010706638,14.38299581,544.6153846
2008/1/1,1378.550049,-0.061163432,136000,-0.039548023,13.50328243,523.0769231
2008/2/1,1330.630005,-0.034761193,140000,0.029411765,13.03389222,538.4615385
2008/3/1,1322.699951,-0.005959624,133400,-0.047142857,12.95621513,513.0769231
2008/4/1,1385.589966,0.047546698,133850,0.003373313,13.57224038,514.8076923
2008/5/1,1400.380005,0.010674182,134650,0.00597684,13.71711294,517.8846154
2008/6/1,1280,-0.085962385,120750,-0.103230598,12.5379572,464.4230769
2008/7/1,1267.380005,-0.009859371,114450,-0.052173913,12.41434082,440.1923077
2008/8/1,1282.829956,0.012190465,116600,0.018785496,12.5656774,448.4615385
2008/9/1,1166.359985,-0.090791434,130600,0.120068611,11.42482154,502.3076923
2008/10/1,968.75,-0.169424524,115490,-0.115696784,9.489176589,444.1923077
2008/11/1,896.23999,-0.074849043,104000,-0.099489133,8.778920806,400
2008/12/1,903.25,0.007821577,96600,-0.071153846,8.84758581,371.5384615
2009/1/1,825.880005,-0.085657343,89502,-0.073478261,8.089725119,344.2384615
2009/2/1,735.090027,-0.109931198,78600,-0.121807334,7.200411948,302.3076923
2009/3/1,797.869995,0.085404462,86700,0.103053435,7.815359254,333.4615385
2009/4/1,872.809998,0.09392508,94000,0.084198385,8.549417496,361.5384615
2009/5/1,919.140015,0.053081446,91600,-0.025531915,9.003232942,352.3076923
2009/6/1,919.320007,0.000195827,90000,-0.017467249,9.004996014,346.1538462
2009/7/1,987.47998,0.074141727,97000,0.077777778,9.67264197,373.0769231
2009/8/1,1020.619995,0.033560189,100850,0.039690722,9.997257665,387.8846154
2009/9/1,1057.079956,0.035723346,101000,0.001487357,10.35439316,388.4615385
2009/10/1,1036.189941,-0.019762001,99000,-0.01980198,10.14976963,380.7692308
2009/11/1,1095.630005,0.057364062,100600,0.016161616,10.73200164,386.9230769
2009/12/1,1115.099976,0.017770571,99200,-0.013916501,10.92271544,381.5384615
2010/1/1,1073.869995,-0.036974246,114600,0.155241935,10.51885627,440.7692308
2010/2/1,1104.48999,0.028513689,119800,0.045375218,10.81878767,460.7692308
2010/3/1,1169.430054,0.058796426,121800,0.016694491,11.45489372,468.4615385
2010/4/1,1186.689941,0.01475923,115325,-0.05316092,11.62395913,443.5576923
2010/5/1,1089.410034,-0.081975842,105910,-0.081638847,10.67107529,407.3461538
2010/6/1,1030.709961,-0.053882442,120000,0.133037485,10.0960917,461.5384615
2010/7/1,1101.599976,0.06877785,117000,-0.025,10.79047918,450
2010/8/1,1049.329956,-0.047449184,118675,0.014316239,10.27847974,456.4423077
2010/9/1,1141.199951,0.087551103,124500,0.049083632,11.17837198,478.8461538
2010/10/1,1183.26001,0.036855994,119300,-0.041767068,11.590362,458.8461538
2010/11/1,1180.550049,-0.00229025,120200,0.007544007,11.56381717,462.3076923
2010/12/1,1257.640015,0.06530004,120450,0.002079867,12.3189349,463.2692308
2011/1/1,1286.119995,0.022645574,122425,0.016396845,12.59790425,470.8653846
2011/2/1,1327.219971,0.031956564,131300,0.072493363,13.00048999,505
2011/3/1,1325.829956,-0.001047313,125300,-0.045696877,12.9868744,481.9230769
2011/4/1,1363.609985,0.02849538,124750,-0.004389465,13.35694033,479.8076923
2011/5/1,1345.199951,-0.013500953,118775,-0.047895792,13.17660891,456.8269231
2011/6/1,1320.640015,-0.018257461,116105,-0.022479478,12.93603748,446.5576923
2011/7/1,1292.280029,-0.021474426,111500,-0.039662375,12.65824351,428.8461538
2011/8/1,1218.890015,-0.056791107,109769,-0.015524664,11.93936784,422.1884615
2011/9/1,1131.420044,-0.071761988,106800,-0.027047709,11.08257506,410.7692308
2011/10/1,1253.300049,0.107723039,116950,0.095037453,12.27642373,449.8076923
2011/11/1,1246.959961,-0.005058715,118500,0.013253527,12.21432079,455.7692308
2011/12/1,1257.599976,0.008532764,114755,-0.031603376,12.31854271,441.3653846
2012/1/1,1312.410034,0.043583062,117925,0.027624069,12.85542252,453.5576923
2012/2/1,1365.680054,0.040589464,117934,7.63E-05,13.37721723,453.5923077
2012/3/1,1408.469971,0.031332315,121900,0.033628979,13.79635641,468.8461538
2012/4/1,1397.910034,-0.007497453,120800,-0.00902379,13.69291888,464.6153846
2012/5/1,1310.329956,-0.062650726,118850,-0.016142384,12.83504758,457.1153846
2012/6/1,1362.160034,0.039554982,124945,0.05128313,13.34273766,480.5576923
2012/7/1,1379.319946,0.012597574,127445,0.020008804,13.51082378,490.1730769
2012/8/1,1406.579956,0.01976337,126560,-0.006944172,13.77784319,486.7692308
2012/9/1,1440.670044,0.024236154,132700,0.048514539,14.11176511,510.3846154
2012/10/1,1412.160034,-0.01978941,129505,-0.024076865,13.83250161,498.0961538
2012/11/1,1416.180054,0.002846717,131916,0.018617042,13.87187883,507.3692308
2012/12/1,1426.189941,0.00706823,134060,0.016252767,13.96992846,515.6153846
2013/1/1,1498.109985,0.050428097,145875,0.08813218,14.67440536,561.0576923
2013/2/1,1514.680054,0.011060649,152600,0.046101114,14.83671381,586.9230769
2013/3/1,1569.189941,0.035987724,156280,0.024115334,15.37065337,601.0769231
2013/4/1,1597.569946,0.018085768,159000,0.017404658,15.64864344,611.5384615
2013/5/1,1630.73999,0.020762812,171300,0.077358491,15.97355328,658.8461538
2013/6/1,1606.280029,-0.014999302,168600,-0.015761821,15.73396113,648.4615385
2013/7/1,1685.72998,0.04946208,173900,0.03143535,16.51219557,668.8461538
2013/8/1,1632.969971,-0.031298019,167050,-0.039390454,15.99539656,642.5
2013/9/1,1681.550049,0.029749523,170410,0.020113738,16.47125198,655.4230769
2013/10/1,1756.540039,0.044595753,172994,0.015163429,17.20579986,665.3615385
2013/11/1,1805.810059,0.028049472,174750,0.010150641,17.68841346,672.1153846
2013/12/1,1848.359985,0.023562792,177900,0.018025751,18.10520186,684.2307692
2014/1/1,1782.589966,-0.035582906,169511,-0.047155705,17.46096617,651.9653846
2014/2/1,1859.449951,0.04311703,173708,0.024759455,18.21383117,668.1076923
2014/3/1,1872.339966,0.006932166,187350,0.078534092,18.34009246,720.5769231
2014/4/1,1883.949951,0.006200789,193275,0.0316253,18.4538155,743.3653846
2014/5/1,1923.569946,0.02103028,192000,-0.006596818,18.84190441,738.4615385
2014/6/1,1960.22998,0.019058332,189900,-0.0109375,19.20099967,730.3846154
2014/7/1,1930.670044,-0.015079831,188124,-0.009352291,18.91145185,723.5538462
2014/8/1,2003.369995,0.037655295,205880,0.094384555,19.62356816,791.8461538
2014/9/1,1972.290039,-0.015513837,206900,0.004954342,19.31913132,795.7692308
2014/10/1,2018.050049,0.023201461,210000,0.014983084,19.76736339,807.6923077
2014/11/1,2067.560059,0.024533589,223065,0.062214286,20.25232775,857.9423077
2014/12/1,2058.899902,-0.004188588,226000,0.0131576,20.1674991,869.2307692
2015/1/1,1994.98999,-0.031040806,215865,-0.044845133,19.54148367,830.25
2015/2/1,2104.5,0.054892511,221180,0.02462187,20.61416478,850.6923077
2015/3/1,2067.889893,-0.017396107,217500,-0.016638032,20.25555857,836.5384615
2015/4/1,2085.51001,0.00852082,213400,-0.018850575,20.42815253,820.7692308
2015/5/1,2107.389893,0.010491382,214800,0.00656045,20.64247209,826.1538462
2015/6/1,2063.110107,-0.021011672,204850,-0.04632216,20.20873923,787.8846154
2015/7/1,2103.840088,0.01974203,214000,0.044666829,20.60770076,823.0769231
2015/8/1,1972.180054,-0.062580818,202531,-0.053593458,19.31805398,778.9653846
2015/9/1,1920.030029,-0.026442832,195240,-0.035999427,18.80722994,750.9230769
2015/10/1,2079.360107,0.082983118,204596,0.047920508,20.36791251,786.9076923
2015/11/1,2080.409912,0.000504869,201360,-0.015816536,20.37819565,774.4615385
2015/12/1,2043.939941,-0.017530185,197800,-0.017679778,20.0209621,760.7692308
2016/1/1,1940.23999,-0.050735322,194360,-0.017391304,19.00519214,747.5384615
2016/2/1,1932.22998,-0.00412836,202555,0.042164026,18.92673186,779.0576923
2016/3/1,2059.73999,0.065991115,213450,0.05378786,20.17572799,820.9615385
2016/4/1,2065.300049,0.002699398,219000,0.026001405,20.23019032,842.3076923
2016/5/1,2096.949951,0.015324602,211695,-0.033356164,20.54020994,814.2115385
2016/6/1,2098.860107,0.000910921,216975,0.024941543,20.55892045,834.5192308
2016/7/1,2173.600098,0.035609801,216000,-0.004493605,21.29101952,830.7692308
2016/8/1,2170.949951,-0.001219243,225760,0.045185185,21.26506059,868.3076923
2016/9/1,2168.27002,-0.001234451,216220,-0.042257264,21.23880992,831.6153846
2016/10/1,2126.149902,-0.019425679,215700,-0.002404958,20.82623161,829.6153846
2016/11/1,2198.810059,0.034174522,237000,0.098748261,21.53795813,911.5384615
2016/12/1,2238.830078,0.018200762,244121,0.030046414,21.92996538,938.9269231
2017/1/1,2278.870117,0.017884358,245980,0.007615076,22.32216874,946.0769231
2017/2/1,2363.639893,0.03719816,257100,0.045206927,23.15251235,988.8461538
2017/3/1,2362.719971,-0.000389197,249850,-0.028199144,23.14350146,960.9615385
2017/4/1,2384.199951,0.009091209,247780,-0.008284971,23.35390385,953
2017/5/1,2411.800049,0.011576251,248440,0.002663653,23.62425452,955.5384615
2017/6/1,2423.409912,0.004813775,254700,0.025197231,23.73797636,979.6153846
2017/7/1,2470.300049,0.019348826,262786,0.031747154,24.19727834,1010.715385
2017/8/1,2471.649902,0.000546433,271450,0.032969793,24.21050053,1044.038462
2017/9/1,2519.360107,0.019302979,274740,0.012120096,24.6778353,1056.692308
2017/10/1,2575.26001,0.022188135,280470,0.020856082,25.22539045,1078.730769
2017/11/1,2584.840088,0.003720043,291500,0.039326844,25.31922999,1121.153846
2017/12/1,2673.610107,0.034342557,297600,0.020926244,26.18875709,1144.615385
2018/1/1,2823.810059,0.056178704,323375,0.086609543,27.66000754,1243.75
2018/2/1,2713.830078,-0.038947372,310250,-0.040587553,26.58272293,1193.269231
2018/3/1,2640.870117,-0.026884499,299100,-0.035938759,25.86805976,1150.384615
2018/4/1,2648.050049,0.002718775,290650,-0.028251421,25.93838919,1117.884615
2018/5/1,2705.27002,0.021608342,287200,-0.011869947,26.49887478,1104.615385
2018/6/1,2718.370117,0.004842436,282040,-0.017966574,26.62719388,1084.769231
2018/7/1,2816.290039,0.036021556,301550,0.069174585,27.58634684,1159.807692
2018/8/1,2901.52002,0.030263211,315800,0.047255845,28.42119829,1214.615385
2018/9/1,2913.97998,0.004294287,320000,0.013299557,28.54324708,1230.769231
2018/10/1,2711.74,-0.069403353,307705,-0.038421875,26.56225004,1183.480769
2018/11/1,2760.17,0.017859382,326000,0.059456297,27.0366354,1253.846154
2018/12/1,2560.85,-0.072212943,306000,-0.061349693,25.08424038,1176.923077
2019/1/1,2704.100098,0.055938496,311500,0.017973856,26.48741506,1198.076923
2019/2/1,2784.48999,0.029728889,302200,-0.029855538,27.27485649,1162.307692
2019/3/1,2834.399902,0.017924256,301215,-0.003259431,27.76373801,1158.519231
2019/4/1,2945.830078,0.039313498,325080,0.079229122,28.85522768,1250.307692
2019/5/1,2752.060059,-0.065777731,297060,-0.086194168,26.95719627,1142.538462
2019/6/1,2941.76001,0.068930164,318350,0.071669023,28.81536022,1224.423077
2019/7/1,2980.379883,0.013128152,308666,-0.03041935,29.19365266,1187.176923
2019/8/1,2926.459961,-0.018091627,303078,-0.018103711,28.66549197,1165.684615
2019/9/1,2976.73999,0.017181178,311832,0.028883654,29.15799889,1199.353846
2019/10/1,3037.560059,0.020431771,318939,0.022791118,29.75374844,1226.688462
2019/11/1,3140.97998,0.034047037,330495,0.036232634,30.76677542,1271.134615
2019/12/1,3230.780029,0.028589819,339590,0.027519327,31.64639196,1306.115385
2020/1/1,3225.52002,-0.001628093,335996,-0.010583351,31.59486871,1292.292308
2020/2/1,2954.219971,-0.084110484,309096,-0.080060477,28.93740902,1188.830769
2020/3/1,2584.590088,-0.125119282,272000,-0.120014494,25.31678117,1046.153846
2020/4/1,2912.429932,0.126844038,281700,0.035661765,28.52806393,1083.461538
2020/5/1,3044.310059,0.04528182,278640,-0.01086262,29.81986657,1071.692308
2020/6/1,3100.290039,0.018388396,267300,-0.040697674,30.3682061,1028.076923
2020/7/1,3271.120117,0.055101321,293631,0.098507295,32.04153438,1129.35
2020/8/1,3500.310059,0.070064667,327560,0.115549789,34.28651382,1259.846154
2020/9/1,3363,-0.03922797,320001,-0.023076688,32.94152348,1230.773077
2020/10/1,3269.96,-0.027665775,302500,-0.054690454,32.03017071,1163.461538
2020/11/1,3621.63,0.107545658,343688,0.136158678,35.4748765,1321.876923
2020/12/1,3756.07,0.037121407,347815,0.012007984,36.79175382,1337.75
2021/1/1,3714.24,-0.01113664,344100,-0.010680965,36.38201729,1323.461538
2021/2/1,3811.15,0.026091475,364580,0.059517582,37.33127779,1402.230769
2021/3/1,3972.89,0.042438634,385702,0.057935158,38.91556622,1483.469231
2021/4/1,4181.17,0.052425313,412500,0.069478509,40.95572695,1586.538462
2021/5/1,4204.11,0.005486503,436000,0.056969697,41.18043065,1676.923077
2021/6/1,4297.5,0.022213976,418601,-0.039905963,42.09521176,1610.003846
2021/7/1,4395.26,0.022748109,418900,0.000714284,43.05279824,1611.153846
2021/8/1,4522.68,0.028990321,429900,0.02625925,44.3009127,1653.461538
2021/9/1,4307.540039,-0.047569132,411379,-0.043082112,42.19355674,1582.226923
2021/10/1,4605.379883,0.069143836,432902,0.052319151,45.11098113,1665.007692
2021/11/1,4567,-0.008333706,416876,-0.037019926,44.73503946,1603.369231
2021/12/1,4766.180176,0.043612913,450662,0.081045683,46.68606487,1733.315385
2022/1/1,4515.549805,-0.052585165,469805,0.042477511,44.23107044,1806.942308
2022/2/1,4373.939941,-0.031360492,476205,0.013622673,42.84396232,1831.557692
2022/3/1,4530.410156,0.035773288,528921,0.110700224,44.37663173,2034.311538
2022/4/1,4131.930176,-0.087956712,484340,-0.084286689,40.47340913,1862.846154
2022/5/1,4132.149902,5.31777E-05,474050,-0.021245406,40.47556141,1823.269231
2022/6/1,3785.379883,-0.08392,408950,-0.137327286,37.0788523,1572.884615
2022/7/1,4130.290039,0.091116392,451700,0.104536007,40.45734353,1737.307692
2022/8/1,3955,-0.042440128,421308,-0.067283595,38.74032868,1620.415385
2022/9/1,3585.620117,-0.093395672,406470,-0.03521889,35.12214965,1563.346154
2022/10/1,3871.97998,0.079863414,445050,0.094914754,37.92712442,1711.730769
2022/11/1,4080.110107,0.053752893,480280,0.079159645,39.9658171,1847.230769
2022/12/1,3839.5,-0.058971474,468711,-0.024088032,37.60897395,1802.734615
2023/1/1,4076.600098,0.061752858,473000,0.009150628,39.93143557,1819.230769
2023/2/1,3970.149902,-0.026112494,463525,-0.020031712,38.8887262,1782.788462
2023/3/1,4109.310059,0.035051613,465600,0.004476565,40.25183877,1790.769231
2023/4/1,4169.47998,0.014642342,502880,0.080068729,40.84121994,1934.153846
2023/5/1,4179.830078,0.002482347,488024,-0.029541839,40.94260204,1877.015385
2023/6/1,4450.379883,0.064727465,517810,0.061033884,43.59271287,1991.576923
2023/7/1,4588.959961,0.031138932,535400,0.033969989,44.95014341,2059.230769
2023/8/1,4507.660156,-0.01771639,546725,0.021152409,44.15378914,2102.788462
